ts,elapsed,gpu_core,gpu_util,gpu_power,gpu_clock,gpu_vram,cpu_tctl,cpu_ccd1,pump_rpm,rad_rpm,rad_duty,f1_duty,f2_duty,f3_duty,f1_rpm,f2_rpm,f3_rpm
1787460718,0.8,51.0,5.0,58.69,1207.0,60.0,64.50000762939453,56.875003814697266,2166.93408203125,1760.104248046875,50.98039245605469,25,28,35,613,647,824
1787460719,2.3,51.0,6.0,57.93,1087.0,60.0,64.00000762939453,64.375,2163.46142578125,1762.402099609375,50.98039245605469,25,28,35,611,648,820
1787460721,3.8,51.0,6.0,58.72,1110.0,60.0,64.00000762939453,64.375,2163.46142578125,1762.402099609375,50.98039245605469,25,28,35,610,650,824
1787460722,5.3,52.0,4.0,83.37,2542.0,60.0,64.75000762939453,62.250003814697266,2166.93408203125,1781.002685546875,50.98039245605469,25,28,35,615,650,823
1787460724,6.8,52.0,4.0,83.91,2535.0,60.0,64.75000762939453,62.250003814697266,2166.93408203125,1781.002685546875,50.98039245605469,25,28,35,615,650,823
1787460725,8.3,51.0,4.0,56.55,1042.0,60.0,62.25000762939453,55.375003814697266,2160.0,1767.0157470703125,50.98039245605469,25,28,35,611,649,821
1787460727,9.8,51.0,7.0,56.84,1012.0,60.0,62.25000762939453,55.375003814697266,2160.0,1767.0157470703125,50.98039245605469,25,28,35,613,649,819
1787460728,11.3,51.0,5.0,56.66,1020.0,60.0,58.87500762939453,52.125003814697266,2166.93408203125,1760.104248046875,50.98039245605469,25,28,35,614,650,824
1787460730,12.8,51.0,6.0,56.54,937.0,60.0,58.87500762939453,52.125003814697266,2166.93408203125,1760.104248046875,50.98039245605469,25,28,35,613,648,819
1787460731,14.3,51.0,5.0,56.31,892.0,60.0,57.37500762939453,49.500003814697266,2163.46142578125,1760.104248046875,50.98039245605469,25,28,35,612,647,823
1787460733,15.8,51.0,8.0,61.79,1200.0,60.0,56.75000762939453,51.625003814697266,2170.41796875,1755.526611328125,50.98039245605469,25,28,35,612,645,819
1787460734,17.3,51.0,6.0,57.14,1072.0,60.0,56.25000762939453,54.500003814697266,2163.46142578125,1762.402099609375,50.98039245605469,25,28,35,608,649,817
1787460736,18.8,51.0,6.0,56.39,960.0,60.0,55.87500762939453,53.125003814697266,2160.0,1760.104248046875,50.98039245605469,25,28,35,609,651,818
1787460737,20.3,51.0,10.0,57.32,1005.0,60.0,54.87500762939453,52.625003814697266,2160.0,1744.18603515625,50.98039245605469,25,28,35,611,647,820
1787460739,21.8,51.0,7.0,55.78,982.0,60.0,54.75000762939453,52.625003814697266,2163.46142578125,1746.4423828125,50.98039245605469,25,28,35,612,651,824
1787460740,23.3,51.0,7.0,56.48,997.0,60.0,54.62500762939453,53.625003814697266,2160.0,1773.9815673828125,50.98039245605469,25,28,35,613,647,823
1787460742,24.8,51.0,5.0,56.9,915.0,60.0,54.25000762939453,55.000003814697266,2160.0,1760.104248046875,50.98039245605469,25,28,35,612,647,821
1787460743,26.3,51.0,7.0,57.66,1035.0,60.0,54.25000762939453,54.500003814697266,2166.93408203125,1744.18603515625,50.98039245605469,25,28,35,614,650,824
1787460745,27.8,51.0,9.0,60.33,1117.0,60.0,54.12500762939453,54.250003814697266,2166.93408203125,1776.3157958984375,50.98039245605469,25,28,35,609,647,823
1787460746,29.3,51.0,6.0,57.6,1035.0,60.0,54.50000762939453,49.250003814697266,2170.41796875,1762.402099609375,50.98039245605469,25,28,35,611,647,820
1787460748,30.8,51.0,5.0,56.02,1050.0,60.0,54.37500762939453,54.000003814697266,2166.93408203125,1741.9354248046875,50.98039245605469,25,28,35,610,649,819
1787460749,32.3,50.0,3.0,48.97,697.0,60.0,55.50000762939453,48.625003814697266,2170.41796875,1778.6561279296875,50.98039245605469,25,28,35,610,650,824
1787460751,33.8,51.0,0.0,55.96,2490.0,60.0,55.62500762939453,56.375003814697266,2170.41796875,1755.526611328125,50.98039245605469,25,28,35,610,651,824
1787460752,35.3,51.0,1.0,79.75,2490.0,60.0,56.75000762939453,57.000003814697266,2160.0,1760.104248046875,50.98039245605469,25,28,35,615,647,823
1787460754,36.8,51.0,3.0,58.34,1012.0,60.0,60.00000762939453,53.625003814697266,2166.93408203125,1762.402099609375,50.98039245605469,25,28,35,612,647,819
1787460755,38.3,52.0,26.0,88.04,2692.0,60.0,59.75000762939453,59.250003814697266,2166.93408203125,1776.3157958984375,50.98039245605469,25,28,35,612,650,823
1787460757,39.8,53.0,34.0,111.89,2722.0,60.0,59.12500762939453,51.375003814697266,2160.0,1739.690673828125,50.98039245605469,25,28,35,612,650,821
1787460758,41.3,52.0,4.0,108.25,2557.0,60.0,58.25000762939453,59.625003814697266,2160.0,1778.6561279296875,50.98039245605469,25,28,35,612,648,821
1787460760,42.8,52.0,4.0,83.89,2527.0,60.0,58.00000762939453,63.250003814697266,2163.46142578125,1760.104248046875,50.98039245605469,25,28,35,609,649,819
1787460761,44.3,52.0,4.0,84.35,2535.0,60.0,57.62500762939453,49.500003814697266,2166.93408203125,1762.402099609375,50.98039245605469,25,28,35,614,653,824
1787460763,45.8,52.0,5.0,86.82,2572.0,60.0,57.00000762939453,51.750003814697266,2166.93408203125,1781.002685546875,50.98039245605469,25,28,35,609,648,823
1787460764,47.3,52.0,7.0,90.51,2625.0,60.0,57.00000762939453,51.750003814697266,2166.93408203125,1781.002685546875,50.98039245605469,25,28,35,610,648,817
1787460766,48.8,52.0,8.0,90.73,2602.0,60.0,61.12500762939453,55.000003814697266,2166.93408203125,1760.104248046875,50.98039245605469,25,28,35,612,650,820
1787460767,50.3,52.0,7.0,89.9,2602.0,60.0,61.12500762939453,55.000003814697266,2166.93408203125,1760.104248046875,50.98039245605469,25,28,35,613,647,819
1787460769,51.8,52.0,3.0,85.49,2527.0,60.0,63.50000762939453,56.375003814697266,2166.93408203125,1744.18603515625,50.98039245605469,25,28,35,612,651,823
1787460770,53.3,52.0,4.0,83.88,2535.0,60.0,63.50000762939453,56.375003814697266,2166.93408203125,1744.18603515625,50.98039245605469,25,28,35,614,651,824
1787460772,54.8,52.0,4.0,84.06,2527.0,60.0,58.75000762939453,49.250003814697266,2166.93408203125,1757.8125,50.98039245605469,25,28,35,612,648,820
1787460773,56.3,52.0,4.0,84.33,2535.0,60.0,58.75000762939453,49.250003814697266,2166.93408203125,1757.8125,50.98039245605469,25,28,35,614,650,819
1787460775,57.8,52.0,3.0,84.16,2527.0,60.0,55.62500762939453,49.000003814697266,2160.0,1757.8125,50.98039245605469,25,28,35,612,650,821
1787460776,59.3,52.0,4.0,82.75,2520.0,60.0,55.62500762939453,49.000003814697266,2160.0,1757.8125,50.98039245605469,25,28,35,613,647,823
1787460778,60.8,52.0,3.0,84.37,2535.0,60.0,54.00000762939453,51.750003814697266,2166.93408203125,1760.104248046875,50.98039245605469,25,28,35,612,650,823
1787460779,62.3,52.0,4.0,84.14,2542.0,60.0,54.00000762939453,51.750003814697266,2166.93408203125,1760.104248046875,50.98039245605469,25,28,35,612,647,819
1787460781,63.8,55.0,38.0,99.23,2767.0,60.0,53.75000762939453,49.750003814697266,2156.549560546875,1757.8125,50.98039245605469,25,28,35,612,650,820
1787460782,65.3,57.0,43.0,199.35,2857.0,60.0,54.75000762939453,55.125003814697266,2166.93408203125,1584.507080078125,42.74509811401367,25,28,35,613,649,825
1787460784,66.8,57.0,42.0,200.26,2857.0,62.0,54.00000762939453,53.250003814697266,2160.0,1534.0909423828125,42.74509811401367,25,28,35,612,645,823
1787460785,68.3,58.0,45.0,200.23,2857.0,62.0,54.12500762939453,55.375003814697266,2160.0,1560.693603515625,42.74509811401367,25,28,35,614,649,821
1787460787,69.8,58.0,44.0,204.19,2857.0,62.0,57.25000762939453,52.625003814697266,2173.9130859375,1569.7674560546875,42.74509811401367,25,28,35,613,648,824
1787460788,71.3,58.0,45.0,204.3,2857.0,62.0,57.00000762939453,53.125003814697266,2166.93408203125,1555.299560546875,42.74509811401367,25,28,35,612,650,828
1787460790,72.8,58.0,42.0,203.87,2857.0,62.0,57.25000762939453,53.125003814697266,2160.0,1555.299560546875,42.74509811401367,25,28,35,610,649,827
1787460791,74.3,58.0,43.0,203.87,2857.0,62.0,56.87500762939453,55.000003814697266,2166.93408203125,1555.299560546875,42.74509811401367,25,28,35,612,652,831
1787460793,75.8,58.0,45.0,203.65,2857.0,62.0,55.87500762939453,50.375003814697266,2173.9130859375,1539.338623046875,42.74509811401367,25,28,35,612,650,833
1787460794,77.3,58.0,43.0,203.64,2857.0,62.0,55.37500762939453,53.625003814697266,2173.9130859375,1539.338623046875,42.74509811401367,25,28,35,609,648,831
1787460796,78.8,58.0,43.0,203.27,2857.0,62.0,54.37500762939453,50.875003814697266,2166.93408203125,1539.338623046875,42.74509811401367,25,28,35,614,650,833
1787460797,80.3,58.0,42.0,204.39,2857.0,62.0,54.37500762939453,50.875003814697266,2166.93408203125,1555.299560546875,42.74509811401367,25,28,35,610,646,834
1787460799,81.8,58.0,42.0,204.06,2857.0,62.0,54.37500762939453,51.750003814697266,2156.549560546875,1567.9442138671875,42.74509811401367,25,28,35,612,650,831
1787460800,83.3,58.0,44.0,203.24,2857.0,62.0,54.25000762939453,55.000003814697266,2160.0,1569.7674560546875,42.74509811401367,25,28,35,610,647,834
1787460802,84.8,58.0,44.0,202.83,2857.0,62.0,55.25000762939453,55.875003814697266,2166.93408203125,1551.72412109375,42.74509811401367,25,28,35,612,651,833
1787460803,86.3,58.0,41.0,203.28,2857.0,62.0,55.12500762939453,55.375003814697266,2166.93408203125,1557.0933837890625,42.74509811401367,25,28,35,612,650,831
1787460805,87.8,58.0,44.0,204.53,2857.0,62.0,55.00000762939453,53.625003814697266,2170.41796875,1551.72412109375,42.74509811401367,25,28,35,613,648,832
1787460806,89.3,58.0,42.0,203.26,2857.0,62.0,54.75000762939453,54.625003814697266,2160.0,1532.349609375,42.74509811401367,25,28,35,609,650,831
1787460808,90.8,58.0,45.0,203.16,2857.0,62.0,55.37500762939453,52.250003814697266,2166.93408203125,1539.338623046875,42.74509811401367,25,28,30,616,648,750
1787460809,92.3,57.0,42.0,201.58,2857.0,62.0,55.25000762939453,51.625003814697266,2173.9130859375,1541.095947265625,42.74509811401367,25,28,30,610,647,718
1787460811,93.8,57.0,41.0,201.72,2857.0,62.0,55.00000762939453,51.125003814697266,2166.93408203125,1555.299560546875,42.74509811401367,25,28,30,611,648,712
1787460812,95.3,57.0,41.0,201.15,2857.0,62.0,54.87500762939453,53.125003814697266,2170.41796875,1553.509765625,42.74509811401367,25,28,30,614,650,715
1787460814,96.8,57.0,45.0,201.81,2857.0,62.0,55.25000762939453,52.750003814697266,2173.9130859375,1551.72412109375,42.74509811401367,25,28,30,613,647,714
1787460815,98.3,57.0,42.0,201.46,2857.0,62.0,55.12500762939453,52.625003814697266,2166.93408203125,1571.5948486328125,42.74509811401367,25,28,30,613,647,715
1787460817,99.8,57.0,43.0,201.61,2857.0,62.0,54.75000762939453,51.625003814697266,2166.93408203125,1564.310546875,42.74509811401367,25,28,30,611,650,715
1787460818,101.3,57.0,44.0,202.11,2857.0,62.0,55.37500762939453,52.125003814697266,2166.93408203125,1569.7674560546875,42.74509811401367,25,28,30,612,647,715
1787460820,102.8,57.0,43.0,202.64,2857.0,62.0,55.37500762939453,52.125003814697266,2166.93408203125,1569.7674560546875,42.74509811401367,25,28,30,612,648,714
1787460821,104.3,57.0,41.0,202.44,2857.0,62.0,55.12500762939453,51.625003814697266,2166.93408203125,1555.299560546875,42.74509811401367,25,28,30,612,647,713
1787460823,105.8,57.0,41.0,202.38,2857.0,62.0,55.12500762939453,51.625003814697266,2166.93408203125,1555.299560546875,42.74509811401367,25,28,30,609,645,716
1787460824,107.3,57.0,44.0,203.08,2857.0,62.0,55.12500762939453,52.125003814697266,2173.9130859375,1557.0933837890625,42.74509811401367,25,28,30,612,648,713
1787460826,108.8,57.0,41.0,201.93,2857.0,62.0,55.12500762939453,52.125003814697266,2173.9130859375,1557.0933837890625,42.74509811401367,25,28,30,613,651,713
1787460827,110.3,57.0,41.0,202.72,2857.0,62.0,56.00000762939453,51.625003814697266,2173.9130859375,1539.338623046875,42.74509811401367,25,28,30,614,650,716
1787460829,111.8,57.0,42.0,199.18,2857.0,62.0,56.00000762939453,51.625003814697266,2173.9130859375,1539.338623046875,42.74509811401367,25,28,30,611,647,716
1787460830,113.3,57.0,41.0,200.03,2857.0,62.0,55.62500762939453,52.375003814697266,2166.93408203125,1516.8538818359375,41.960784912109375,25,28,30,610,650,717
1787460832,114.8,57.0,42.0,200.83,2857.0,62.0,55.62500762939453,52.375003814697266,2166.93408203125,1516.8538818359375,41.960784912109375,25,28,30,614,650,715
1787460833,116.3,57.0,42.0,200.91,2857.0,62.0,57.87500762939453,63.000003814697266,2170.41796875,1535.836181640625,41.960784912109375,25,28,30,610,646,715
1787460835,117.8,57.0,46.0,204.96,2857.0,62.0,57.87500762939453,63.000003814697266,2170.41796875,1535.836181640625,41.960784912109375,25,28,30,614,648,716
1787460836,119.3,57.0,45.0,203.73,2857.0,62.0,59.37500762939453,53.125003814697266,2166.93408203125,1518.5601806640625,41.960784912109375,25,28,30,612,648,713
1787460838,120.8,57.0,47.0,204.42,2857.0,62.0,58.62500762939453,56.375003814697266,2170.41796875,1532.349609375,41.960784912109375,25,28,30,611,650,713
1787460839,122.3,57.0,44.0,202.61,2857.0,62.0,59.62500762939453,65.875,2163.46142578125,1537.58544921875,41.960784912109375,25,28,30,613,645,713
1787460841,123.8,57.0,44.0,201.82,2857.0,62.0,64.87500762939453,63.625003814697266,2163.46142578125,1516.8538818359375,41.960784912109375,25,28,30,609,650,713
1787460842,125.3,57.0,45.0,201.45,2857.0,62.0,67.12500762939453,65.5,2170.41796875,1551.72412109375,41.960784912109375,25,28,30,612,647,716
1787460844,126.8,57.0,42.0,202.45,2857.0,62.0,67.87500762939453,70.5,2166.93408203125,1537.58544921875,41.960784912109375,25,28,30,613,650,715
1787460845,128.3,56.0,42.0,181.15,2857.0,62.0,67.75000762939453,68.625,2170.41796875,1535.836181640625,41.960784912109375,25,28,30,612,649,715
1787460847,129.8,56.0,43.0,203.87,2857.0,62.0,68.12500762939453,61.750003814697266,2166.93408203125,1557.0933837890625,46.66666793823242,25,28,30,611,647,715
1787460848,131.3,57.0,50.0,230.57,2857.0,62.0,67.87500762939453,61.250003814697266,2163.46142578125,1670.7921142578125,46.66666793823242,25,28,30,616,651,714
1787460850,132.8,57.0,50.0,229.91,2857.0,62.0,67.50000762939453,63.000003814697266,2160.0,1648.3516845703125,46.66666793823242,25,28,30,612,648,714
1787460851,134.3,58.0,51.0,231.71,2857.0,62.0,67.37500762939453,68.625,2166.93408203125,1662.5615234375,46.66666793823242,25,28,30,614,647,711
1787460853,135.8,58.0,49.0,231.73,2857.0,62.0,67.50000762939453,63.125003814697266,2160.0,1646.3414306640625,46.66666793823242,25,28,30,614,650,712
1787460854,137.3,58.0,49.0,231.5,2857.0,62.0,67.50000762939453,66.0,2170.41796875,1689.612060546875,47.8431396484375,25,28,30,610,647,714
1787460856,138.8,58.0,49.0,232.01,2857.0,62.0,67.87500762939453,74.875,2166.93408203125,1735.218505859375,51.764705657958984,25,28,30,614,648,711
1787460857,140.3,58.0,49.0,230.84,2857.0,62.0,67.37500762939453,62.625003814697266,2173.9130859375,1797.6031494140625,51.764705657958984,25,28,30,611,648,713
1787460859,141.8,58.0,50.0,232.18,2857.0,62.0,66.00000762939453,56.125003814697266,2170.41796875,1764.7059326171875,51.764705657958984,25,28,30,612,646,713
1787460860,143.3,55.0,38.0,170.27,2872.0,62.0,63.12500762939453,54.500003814697266,2173.9130859375,1781.002685546875,51.764705657958984,25,28,30,615,649,710
1787460862,144.8,55.0,36.0,164.42,2850.0,62.0,61.87500762939453,54.500003814697266,2166.93408203125,1778.6561279296875,51.764705657958984,25,28,30,614,645,710
1787460863,146.3,55.0,36.0,163.0,2842.0,62.0,59.75000762939453,53.125003814697266,2163.46142578125,1778.6561279296875,51.764705657958984,25,28,30,608,647,710
1787460865,147.8,55.0,35.0,162.43,2842.0,62.0,59.25000762939453,54.500003814697266,2173.9130859375,1797.6031494140625,51.764705657958984,25,28,30,610,647,710
1787460866,149.3,55.0,38.0,169.15,2857.0,62.0,58.12500762939453,53.125003814697266,2163.46142578125,1776.3157958984375,51.764705657958984,25,28,30,610,647,710
1787460868,150.8,54.0,30.0,160.98,2842.0,60.0,57.87500762939453,53.500003814697266,2163.46142578125,1800.0,51.764705657958984,25,28,30,612,647,710
1787460869,152.3,55.0,35.0,161.18,2835.0,60.0,60.12500762939453,61.625003814697266,2170.41796875,1800.0,51.764705657958984,25,28,30,613,650,710
1787460871,153.8,55.0,41.0,170.36,2872.0,60.0,60.12500762939453,54.500003814697266,2166.93408203125,1795.2127685546875,51.764705657958984,25,28,30,613,649,713
1787460872,155.3,54.0,33.0,141.07,2872.0,60.0,60.12500762939453,54.500003814697266,2166.93408203125,1795.2127685546875,51.764705657958984,25,28,30,610,649,711
1787460874,156.8,54.0,30.0,144.28,2820.0,60.0,59.62500762939453,57.250003814697266,2170.41796875,1797.6031494140625,51.764705657958984,25,28,30,614,652,710
1787460875,158.3,54.0,30.0,143.07,2820.0,60.0,59.62500762939453,57.250003814697266,2170.41796875,1797.6031494140625,51.764705657958984,25,28,30,613,647,710
1787460877,159.8,53.0,29.0,143.07,2827.0,60.0,71.37500762939453,82.37500762939453,2160.0,1781.002685546875,51.764705657958984,25,28,30,610,645,710
1787460878,161.3,52.0,6.0,118.58,2542.0,60.0,71.37500762939453,82.37500762939453,2160.0,1781.002685546875,51.764705657958984,25,28,30,613,649,714
1787460880,162.8,51.0,5.0,87.62,2535.0,60.0,79.125,62.500003814697266,2173.9130859375,1783.3553466796875,51.764705657958984,25,28,30,612,648,714
1787460881,164.3,51.0,7.0,87.71,2550.0,60.0,79.125,62.500003814697266,2173.9130859375,1783.3553466796875,51.764705657958984,25,28,35,613,650,776
1787460883,165.8,51.0,6.0,90.15,2565.0,60.0,87.25,84.62500762939453,2170.41796875,1869.80615234375,60.7843132019043,25,28,35,609,646,820
1787460885,167.6,52.0,30.0,124.37,2835.0,60.0,87.25,84.62500762939453,2170.41796875,1869.80615234375,60.7843132019043,25,28,35,612,650,831
1787460886,169.1,50.0,3.0,93.44,2535.0,60.0,90.875,92.37500762939453,2173.9130859375,2109.375,67.8431396484375,25,28,35,614,645,824
1787460888,170.6,50.0,10.0,87.5,2670.0,60.0,90.875,92.37500762939453,2173.9130859375,2109.375,67.8431396484375,25,28,35,608,643,817
1787460889,172.3,52.0,32.0,167.17,2880.0,,,,,,,25,28,43,610,645,925
1787460891,174.1,56.0,64.0,229.5,2850.0,60.0,91.25,88.00000762939453,2173.9130859375,2170.41796875,73.72549438476562,25,28,43,613,647,975
1787460893,175.8,56.0,63.0,250.6,2835.0,60.0,89.5,87.50000762939453,2163.46142578125,2227.72265625,78.82353210449219,25,28,43,612,647,967
1787460895,177.6,57.0,80.0,259.3,2835.0,62.0,88.75,82.37500762939453,2173.9130859375,2528.08984375,78.82353210449219,31,34,43,719,700,970
1787460896,179.1,55.0,47.0,256.81,2827.0,62.0,88.75,83.75000762939453,2166.93408203125,2551.98486328125,83.92156982421875,31,34,43,733,732,969
1787460898,180.8,58.0,91.0,250.56,2827.0,62.0,87.625,84.25000762939453,2170.41796875,2119.309326171875,68.62744903564453,31,34,43,740,746,974
1787460899,182.3,58.0,82.0,304.14,2820.0,62.0,85.625,66.875,2173.9130859375,2106.084228515625,68.62744903564453,31,34,43,744,752,970
1787460901,183.8,58.0,68.0,270.24,2842.0,62.0,80.375,67.75,2170.41796875,2227.72265625,68.62744903564453,31,34,43,743,751,974
1787460902,185.3,59.0,83.0,331.31,2827.0,62.0,78.12500762939453,65.0,2170.41796875,2177.41943359375,68.62744903564453,31,34,49,750,756,1065
1787460904,187.1,54.0,5.0,316.45,2880.0,62.0,75.00000762939453,60.500003814697266,2170.41796875,2205.88232421875,68.62744903564453,31,34,49,751,753,1083
1787460906,188.6,62.0,97.0,385.88,2820.0,64.0,73.50000762939453,69.625,2166.93408203125,2231.405029296875,68.62744903564453,31,34,49,751,756,1090
1787460907,190.1,62.0,98.0,424.43,2820.0,64.0,70.62500762939453,62.750003814697266,2163.46142578125,2238.805908203125,68.62744903564453,31,34,49,748,757,1083
1787460909,191.6,62.0,95.0,419.74,2820.0,64.0,68.75000762939453,62.750003814697266,2163.46142578125,2220.394775390625,68.62744903564453,31,34,49,751,758,1088
1787460910,193.1,61.0,85.0,416.83,2820.0,64.0,66.62500762939453,61.125003814697266,2163.46142578125,2235.099365234375,68.62744903564453,31,34,49,750,755,1084
1787460912,194.6,63.0,90.0,435.64,2805.0,64.0,66.75000762939453,58.625003814697266,2173.9130859375,2227.72265625,68.62744903564453,31,34,49,751,757,1092
1787460913,196.1,62.0,95.0,405.66,2805.0,64.0,66.25000762939453,63.000003814697266,2160.0,2235.099365234375,68.62744903564453,31,34,49,751,751,1084
1787460915,197.6,63.0,96.0,422.44,2805.0,66.0,65.62500762939453,65.0,2163.46142578125,2235.099365234375,68.62744903564453,31,34,49,752,753,1086
1787460916,199.1,63.0,97.0,390.99,2805.0,66.0,63.62500762939453,56.750003814697266,2163.46142578125,2235.099365234375,68.62744903564453,31,34,49,750,751,1083
1787460918,200.6,63.0,95.0,422.85,2805.0,66.0,63.12500762939453,59.125003814697266,2163.46142578125,2231.405029296875,68.62744903564453,31,34,49,752,758,1086
1787460919,202.1,64.0,97.0,426.42,2797.0,66.0,63.37500762939453,62.750003814697266,2166.93408203125,2242.52490234375,68.62744903564453,31,34,49,752,760,1084
1787460921,203.6,64.0,96.0,423.53,2805.0,66.0,63.62500762939453,63.250003814697266,2170.41796875,2238.805908203125,68.62744903564453,31,34,49,752,758,1090
1787460922,205.1,64.0,93.0,426.25,2805.0,66.0,63.62500762939453,63.250003814697266,2170.41796875,2238.805908203125,68.62744903564453,31,34,49,748,756,1092
1787460924,206.6,64.0,84.0,421.65,2805.0,66.0,62.12500762939453,58.750003814697266,2166.93408203125,2246.25634765625,68.62744903564453,31,34,49,747,759,1086
1787460925,208.1,64.0,96.0,418.19,2805.0,66.0,62.12500762939453,58.750003814697266,2166.93408203125,2246.25634765625,68.62744903564453,31,34,49,752,756,1090
1787460927,209.6,64.0,96.0,420.37,2805.0,66.0,62.37500762939453,56.375003814697266,2173.9130859375,2231.405029296875,68.62744903564453,31,34,49,750,756,1088
1787460928,211.1,64.0,94.0,421.18,2805.0,66.0,62.37500762939453,56.375003814697266,2173.9130859375,2231.405029296875,68.62744903564453,31,34,49,742,757,1092
1787460930,212.6,65.0,95.0,426.46,2797.0,66.0,62.87500762939453,59.375003814697266,2166.93408203125,2231.405029296875,68.62744903564453,31,34,49,752,753,1090
1787460931,214.1,64.0,94.0,424.74,2805.0,66.0,62.87500762939453,59.375003814697266,2166.93408203125,2231.405029296875,68.62744903564453,31,34,49,750,752,1090
1787460933,215.6,64.0,94.0,421.04,2805.0,66.0,62.62500762939453,60.875003814697266,2163.46142578125,2202.283935546875,68.62744903564453,31,34,49,750,755,1092
1787460934,217.1,65.0,94.0,422.44,2797.0,66.0,62.62500762939453,60.875003814697266,2163.46142578125,2202.283935546875,68.62744903564453,31,34,49,748,755,1083
1787460936,218.6,65.0,97.0,426.52,2805.0,68.0,62.37500762939453,58.125003814697266,2163.46142578125,2205.88232421875,68.62744903564453,31,34,49,750,752,1094
1787460937,220.1,65.0,94.0,427.67,2805.0,68.0,61.87500762939453,60.000003814697266,2163.46142578125,2213.11474609375,68.62744903564453,31,34,49,750,759,1090
1787460939,221.6,65.0,96.0,432.36,2797.0,68.0,62.87500762939453,58.125003814697266,2160.0,2209.49267578125,68.62744903564453,31,34,49,751,758,1088
1787460940,223.1,66.0,94.0,432.77,2797.0,68.0,62.87500762939453,63.625003814697266,2170.41796875,2205.88232421875,68.62744903564453,31,34,49,752,752,1094
1787460942,224.6,66.0,96.0,430.17,2797.0,68.0,63.00000762939453,65.0,2163.46142578125,2205.88232421875,68.62744903564453,31,34,49,749,753,1086
1787460943,226.1,66.0,95.0,432.17,2805.0,68.0,62.87500762939453,58.125003814697266,2156.549560546875,2205.88232421875,68.62744903564453,31,34,49,747,755,1090
1787460945,227.6,66.0,94.0,426.9,2805.0,68.0,62.12500762939453,58.375003814697266,2163.46142578125,2205.88232421875,68.62744903564453,31,34,49,752,755,1084
1787460946,229.1,65.0,95.0,421.56,2805.0,68.0,61.87500762939453,59.500003814697266,2170.41796875,2213.11474609375,68.62744903564453,31,34,49,752,749,1090
1787460948,230.6,66.0,93.0,424.74,2805.0,68.0,62.37500762939453,61.375003814697266,2163.46142578125,2213.11474609375,68.62744903564453,31,34,49,751,758,1084
1787460949,232.1,65.0,91.0,422.07,2805.0,68.0,62.87500762939453,64.625,2170.41796875,2202.283935546875,68.62744903564453,31,34,49,755,752,1090
1787460951,233.6,66.0,95.0,422.36,2805.0,68.0,64.87500762939453,65.5,2160.0,2177.41943359375,68.62744903564453,31,34,49,750,754,1088
1787460952,235.1,66.0,93.0,421.79,2805.0,68.0,64.50000762939453,63.250003814697266,2163.46142578125,2184.466064453125,68.62744903564453,31,34,49,750,760,1086
1787460954,236.6,66.0,94.0,427.05,2805.0,68.0,64.25000762939453,59.500003814697266,2170.41796875,2180.93701171875,68.62744903564453,31,34,49,753,758,1092
1787460955,238.1,66.0,93.0,429.17,2797.0,70.0,63.50000762939453,61.375003814697266,2166.93408203125,2173.9130859375,68.62744903564453,31,34,49,752,755,1090
1787460957,239.8,67.0,97.0,426.84,2805.0,70.0,64.50000762939453,64.875,2163.46142578125,2191.558349609375,68.62744903564453,31,34,49,750,756,1092
1787460958,241.3,66.0,91.0,431.05,2797.0,70.0,65.62500762939453,62.625003814697266,2163.46142578125,1826.79296875,53.72549057006836,31,34,49,751,752,1100
1787460960,243.1,66.0,95.0,427.7,2805.0,70.0,64.12500762939453,62.250003814697266,2170.41796875,1819.406982421875,53.72549057006836,31,34,49,753,757,1100
1787460962,244.6,66.0,94.0,434.43,2797.0,70.0,64.00000762939453,62.250003814697266,2173.9130859375,1869.80615234375,53.72549057006836,31,34,49,754,755,1094
1787460963,246.1,67.0,93.0,436.78,2797.0,70.0,67.50000762939453,66.75,2160.0,1807.2288818359375,53.72549057006836,31,34,49,750,759,1098
1787460965,247.6,67.0,92.0,431.16,2797.0,70.0,68.00000762939453,63.625003814697266,2170.41796875,1819.406982421875,53.72549057006836,31,34,49,757,755,1100
1787460966,249.1,67.0,97.0,434.67,2797.0,70.0,69.12500762939453,67.25,2170.41796875,1819.406982421875,53.72549057006836,31,34,49,751,760,1100
1787460968,250.6,68.0,93.0,432.23,2805.0,70.0,69.75000762939453,66.0,2166.93408203125,1814.51611328125,53.72549057006836,31,34,49,751,760,1094
1787460969,252.1,67.0,93.0,432.71,2805.0,70.0,70.00000762939453,71.0,2166.93408203125,1836.7347412109375,53.72549057006836,31,34,49,750,756,1100
1787460971,253.6,67.0,95.0,425.13,2805.0,70.0,70.12500762939453,66.875,2170.41796875,1928.5714111328125,57.64706039428711,31,34,49,750,756,1096
1787460972,255.1,67.0,97.0,416.63,2805.0,70.0,70.87500762939453,68.625,2170.41796875,1942.446044921875,57.64706039428711,31,34,49,746,758,1098
1787460974,256.8,68.0,97.0,432.04,2805.0,70.0,70.37500762939453,67.625,2163.46142578125,1925.8203125,57.64706039428711,31,34,49,749,756,1094
1787460975,258.3,68.0,96.0,423.04,2805.0,70.0,71.75000762939453,70.0,2170.41796875,1906.7796630859375,57.64706039428711,31,34,49,750,758,1100
1787460977,259.8,67.0,92.0,410.07,2805.0,70.0,72.37500762939453,69.125,2177.41943359375,1904.0902099609375,57.64706039428711,31,34,49,750,754,1096
1787460979,261.6,67.0,97.0,413.28,2797.0,70.0,72.25000762939453,70.5,2156.549560546875,1994.091552734375,60.0,31,39,49,750,783,1094
1787460980,263.3,68.0,94.0,419.03,2820.0,70.0,72.37500762939453,72.375,2163.46142578125,2039.27490234375,61.960784912109375,31,39,49,752,825,1092
1787460982,264.8,62.0,3.0,397.38,2827.0,70.0,72.50000762939453,65.0,2173.9130859375,2020.9581298828125,61.960784912109375,31,39,49,755,842,1100
1787460983,266.3,59.0,10.0,120.74,2880.0,68.0,72.12500762939453,68.125,2170.41796875,2045.45458984375,61.960784912109375,31,39,41,748,842,1013
1787460985,267.8,57.0,4.0,94.68,2550.0,68.0,70.00000762939453,57.250003814697266,2166.93408203125,2070.55224609375,61.960784912109375,31,39,41,749,846,950
1787460986,269.3,56.0,4.0,80.74,1365.0,68.0,71.25000762939453,75.375,2163.46142578125,2039.27490234375,61.960784912109375,31,39,41,746,849,940
1787460988,270.8,56.0,7.0,68.03,1237.0,66.0,71.50000762939453,64.125,2163.46142578125,2048.558349609375,61.960784912109375,31,39,41,748,851,938
1787460989,272.3,55.0,6.0,62.07,1087.0,66.0,69.62500762939453,56.750003814697266,2173.9130859375,2042.360107421875,61.960784912109375,31,39,41,750,853,946
1787460991,273.8,55.0,7.0,64.08,1155.0,66.0,66.75000762939453,61.125003814697266,2163.46142578125,2073.732666015625,61.960784912109375,31,39,41,750,849,941
1787460992,275.3,54.0,9.0,62.81,1087.0,66.0,65.62500762939453,62.000003814697266,2166.93408203125,2023.988037109375,61.960784912109375,31,39,41,748,852,938
1787460994,276.8,55.0,5.0,80.14,2535.0,66.0,64.00000762939453,59.375003814697266,2170.41796875,2073.732666015625,61.960784912109375,31,39,41,746,851,946
1787460995,278.3,55.0,4.0,89.74,2542.0,64.0,63.25000762939453,54.125003814697266,2170.41796875,2048.558349609375,61.960784912109375,31,39,41,750,852,943
1787460997,279.8,53.0,3.0,58.93,1035.0,64.0,62.00000762939453,55.000003814697266,2170.41796875,2017.937255859375,61.960784912109375,31,39,41,750,852,938
1787460998,281.3,54.0,3.0,75.95,2512.0,64.0,61.25000762939453,56.375003814697266,2163.46142578125,2042.360107421875,61.960784912109375,31,39,41,751,853,940
1787461000,282.8,54.0,4.0,87.31,2527.0,64.0,61.00000762939453,60.125003814697266,2170.41796875,2039.27490234375,61.960784912109375,31,39,41,754,849,943
1787461001,284.3,54.0,27.0,87.53,2715.0,64.0,62.25000762939453,58.125003814697266,2166.93408203125,2070.55224609375,61.960784912109375,31,39,41,753,851,941
1787461003,285.8,54.0,27.0,108.79,2707.0,64.0,61.62500762939453,54.500003814697266,2170.41796875,2048.558349609375,61.960784912109375,31,39,41,750,849,938
1787461004,287.3,54.0,34.0,115.07,2685.0,64.0,60.62500762939453,53.125003814697266,2160.0,2070.55224609375,61.960784912109375,31,39,41,750,851,937
1787461006,288.8,53.0,4.0,96.89,2520.0,64.0,60.62500762939453,53.125003814697266,2160.0,2070.55224609375,61.960784912109375,31,39,41,753,851,941
1787461007,290.3,53.0,4.0,86.36,2535.0,62.0,58.62500762939453,55.000003814697266,2163.46142578125,2042.360107421875,61.960784912109375,31,39,41,749,846,940
1787461009,291.8,53.0,7.0,91.15,2565.0,62.0,58.62500762939453,55.000003814697266,2163.46142578125,2042.360107421875,61.960784912109375,31,39,41,750,848,936
1787461010,293.3,53.0,10.0,92.74,2625.0,62.0,65.12500762939453,63.125003814697266,2163.46142578125,2070.55224609375,61.960784912109375,31,39,41,749,849,940
1787461012,294.8,52.0,6.0,89.86,2580.0,62.0,65.12500762939453,63.125003814697266,2163.46142578125,2070.55224609375,61.960784912109375,31,39,41,752,849,940
1787461013,296.3,52.0,6.0,88.58,2580.0,62.0,62.62500762939453,56.375003814697266,2170.41796875,2042.360107421875,61.960784912109375,31,39,41,752,853,937
1787461015,297.8,52.0,6.0,87.8,2572.0,62.0,62.62500762939453,56.375003814697266,2170.41796875,2042.360107421875,61.960784912109375,31,39,41,752,849,941
1787461016,299.3,52.0,6.0,89.58,2587.0,62.0,62.37500762939453,61.375003814697266,2163.46142578125,2045.45458984375,61.960784912109375,31,39,41,752,848,938
1787461018,300.8,51.0,4.0,86.6,2550.0,62.0,62.37500762939453,61.375003814697266,2163.46142578125,2045.45458984375,61.960784912109375,31,39,41,750,852,938
1787461019,302.3,51.0,4.0,85.15,2535.0,62.0,66.87500762939453,68.75,2163.46142578125,2045.45458984375,61.960784912109375,31,39,41,747,848,938
1787461021,303.8,51.0,4.0,84.58,2542.0,62.0,66.87500762939453,68.75,2163.46142578125,2045.45458984375,61.960784912109375,31,39,41,751,857,941
1787461022,305.3,51.0,4.0,83.68,2520.0,62.0,67.00000762939453,71.125,2170.41796875,2042.360107421875,61.960784912109375,31,39,41,750,852,941
1787461024,306.8,51.0,4.0,83.68,2542.0,62.0,67.62500762939453,58.250003814697266,2177.41943359375,2045.45458984375,61.960784912109375,31,39,41,752,851,936
1787461025,308.3,51.0,10.0,90.4,2670.0,60.0,65.87500762939453,58.125003814697266,2163.46142578125,2042.360107421875,61.960784912109375,31,39,41,750,852,941
1787461027,309.8,51.0,8.0,96.29,2707.0,60.0,64.87500762939453,60.000003814697266,2163.46142578125,2045.45458984375,61.960784912109375,31,39,41,751,849,940
1787461028,311.3,53.0,36.0,133.11,2865.0,60.0,63.62500762939453,58.875003814697266,2166.93408203125,2042.360107421875,61.960784912109375,31,39,41,749,848,934
1787461030,312.8,53.0,35.0,154.31,2872.0,60.0,62.87500762939453,64.625,2163.46142578125,2067.38134765625,61.960784912109375,31,39,41,753,849,938
1787461031,314.3,53.0,34.0,152.99,2865.0,60.0,65.50000762939453,65.5,2170.41796875,2042.360107421875,61.960784912109375,31,39,41,753,851,940
1787461033,315.8,53.0,36.0,154.48,2872.0,60.0,65.00000762939453,58.625003814697266,2163.46142578125,2042.360107421875,61.960784912109375,31,39,41,751,846,936
1787461034,317.3,53.0,37.0,151.74,2872.0,60.0,65.12500762939453,59.375003814697266,2166.93408203125,2073.732666015625,61.960784912109375,31,39,41,751,853,937
1787461036,318.8,53.0,34.0,150.17,2865.0,60.0,65.37500762939453,62.250003814697266,2160.0,2051.671630859375,61.960784912109375,31,39,41,750,849,938
1787461037,320.3,53.0,34.0,150.75,2865.0,60.0,64.62500762939453,64.125,2163.46142578125,2039.27490234375,61.960784912109375,31,39,41,750,849,934
1787461039,321.8,53.0,34.0,151.16,2865.0,60.0,64.25000762939453,60.625003814697266,2166.93408203125,2020.9581298828125,61.960784912109375,31,39,41,751,851,938
1787461040,323.3,51.0,8.0,97.89,2707.0,60.0,72.12500762939453,64.625,2170.41796875,2073.732666015625,61.960784912109375,31,39,41,751,851,941
1787461042,324.8,50.0,8.0,98.31,2730.0,60.0,70.00000762939453,49.500003814697266,2163.46142578125,2042.360107421875,61.960784912109375,31,39,41,750,853,936
1787461043,326.3,50.0,7.0,96.81,2715.0,60.0,80.625,82.37500762939453,2163.46142578125,2051.671630859375,61.960784912109375,31,39,41,752,848,934
1787461045,327.8,51.0,36.0,104.81,2775.0,60.0,81.0,66.0,2163.46142578125,2045.45458984375,61.960784912109375,31,39,41,751,846,940
1787461046,329.3,56.0,90.0,184.03,2835.0,60.0,80.875,71.375,2170.41796875,2039.27490234375,61.960784912109375,31,39,41,751,852,937
1787461048,330.8,52.0,17.0,262.97,2857.0,60.0,78.25000762939453,60.500003814697266,2170.41796875,2045.45458984375,61.960784912109375,31,39,41,751,851,937
1787461049,332.3,52.0,10.0,215.45,2865.0,60.0,75.50000762939453,74.625,2163.46142578125,2048.558349609375,61.960784912109375,31,39,41,751,851,938
1787461051,333.8,59.0,86.0,302.96,2827.0,60.0,75.37500762939453,69.75,2166.93408203125,2109.375,66.66666412353516,31,39,41,753,852,933
1787461052,335.3,60.0,94.0,401.03,2812.0,62.0,74.12500762939453,68.625,2163.46142578125,2173.9130859375,66.66666412353516,31,39,41,752,852,936
1787461054,336.8,61.0,96.0,390.54,2812.0,62.0,73.25000762939453,71.375,2177.41943359375,2149.681640625,66.66666412353516,31,39,41,751,848,941
1787461055,338.3,61.0,94.0,397.45,2820.0,62.0,72.12500762939453,68.25,2166.93408203125,2160.0,66.66666412353516,31,39,41,754,852,941
1787461057,339.8,62.0,97.0,429.3,2797.0,64.0,71.62500762939453,65.5,2163.46142578125,2156.549560546875,66.66666412353516,31,32,41,752,821,936
1787461058,341.3,58.0,48.0,376.62,2835.0,64.0,69.87500762939453,64.625,2170.41796875,2191.558349609375,66.66666412353516,31,32,41,748,754,943
1787461060,342.8,62.0,90.0,457.01,2782.0,64.0,69.12500762939453,56.750003814697266,2163.46142578125,2129.337646484375,66.66666412353516,31,32,41,751,738,941
1787461061,344.3,63.0,96.0,452.61,2782.0,64.0,69.12500762939453,56.750003814697266,2163.46142578125,2129.337646484375,66.66666412353516,31,32,41,752,732,937
1787461063,345.8,58.0,61.0,348.73,2820.0,64.0,68.00000762939453,58.750003814697266,2163.46142578125,2132.701416015625,66.66666412353516,31,32,41,752,728,934
1787461064,347.3,64.0,95.0,448.68,2782.0,64.0,68.00000762939453,58.750003814697266,2163.46142578125,2132.701416015625,66.66666412353516,31,32,41,750,725,941
1787461066,348.8,58.0,23.0,431.28,2797.0,64.0,63.87500762939453,62.250003814697266,2163.46142578125,2160.0,66.66666412353516,31,32,41,751,722,936
1787461067,350.3,62.0,97.0,302.24,2827.0,64.0,63.87500762939453,62.250003814697266,2163.46142578125,2160.0,66.66666412353516,31,32,41,752,723,941
1787461069,351.8,61.0,97.0,293.98,2812.0,64.0,64.00000762939453,62.250003814697266,2163.46142578125,2129.337646484375,66.66666412353516,31,32,41,750,718,941
1787461070,353.3,62.0,96.0,394.61,2812.0,64.0,64.00000762939453,62.250003814697266,2163.46142578125,2129.337646484375,66.66666412353516,31,32,41,753,719,941
1787461072,354.8,62.0,97.0,396.28,2805.0,64.0,65.00000762939453,64.625,2163.46142578125,2184.466064453125,66.66666412353516,31,32,41,751,721,936
1787461073,356.3,63.0,93.0,394.98,2797.0,64.0,65.00000762939453,64.625,2163.46142578125,2184.466064453125,66.66666412353516,31,32,41,749,721,943
1787461075,357.8,63.0,88.0,411.64,2805.0,66.0,67.62500762939453,66.875,2170.41796875,2163.46142578125,66.66666412353516,31,32,41,748,722,944
1787461076,359.3,63.0,91.0,390.54,2797.0,64.0,71.25000762939453,72.0,2163.46142578125,2173.9130859375,66.66666412353516,31,32,41,750,718,934
1787461078,360.8,63.0,90.0,413.67,2805.0,66.0,69.62500762939453,65.0,2163.46142578125,2129.337646484375,66.66666412353516,31,32,41,750,719,937
1787461079,362.3,63.0,94.0,408.31,2805.0,66.0,70.25000762939453,71.0,2166.93408203125,2156.549560546875,66.66666412353516,31,32,41,751,718,943
1787461081,363.8,63.0,97.0,349.04,2812.0,66.0,70.12500762939453,66.375,2160.0,2156.549560546875,66.66666412353516,31,32,41,750,717,940
1787461083,365.6,63.0,97.0,386.96,2805.0,66.0,70.00000762939453,66.0,2170.41796875,2156.549560546875,66.66666412353516,31,32,41,750,716,937
1787461084,367.1,63.0,94.0,388.24,2805.0,66.0,68.87500762939453,63.625003814697266,2163.46142578125,2191.558349609375,66.66666412353516,31,32,41,745,723,941
1787461086,368.6,63.0,96.0,379.43,2805.0,66.0,68.00000762939453,68.25,2163.46142578125,2163.46142578125,66.66666412353516,31,32,41,744,722,940
1787461087,370.1,63.0,97.0,378.74,2805.0,66.0,66.87500762939453,63.250003814697266,2163.46142578125,2160.0,66.66666412353516,31,32,41,750,722,938
1787461089,371.6,64.0,93.0,384.42,2805.0,66.0,66.25000762939453,66.375,2163.46142578125,2132.701416015625,66.66666412353516,31,32,41,750,719,940
1787461090,373.1,64.0,95.0,385.27,2797.0,66.0,66.37500762939453,63.875003814697266,2170.41796875,2160.0,66.66666412353516,31,32,41,751,719,940
1787461092,374.6,64.0,97.0,388.74,2805.0,66.0,67.37500762939453,66.875,2163.46142578125,2188.006591796875,66.66666412353516,31,32,41,749,720,936
1787461093,376.3,64.0,97.0,391.6,2805.0,68.0,70.37500762939453,64.125,2156.549560546875,2156.549560546875,66.66666412353516,31,32,41,753,720,938
1787461096,378.6,56.0,14.0,128.8,2880.0,64.0,71.50000762939453,66.875,2156.549560546875,2139.461181640625,66.66666412353516,31,32,41,750,721,938
1787461097,380.1,54.0,5.0,93.01,2572.0,64.0,70.37500762939453,70.125,2170.41796875,2156.549560546875,66.66666412353516,31,32,41,750,720,936
1787461099,381.6,53.0,4.0,69.5,1380.0,64.0,76.00000762939453,72.375,2163.46142578125,2153.110107421875,66.66666412353516,31,32,41,752,719,940
1787461100,383.1,53.0,7.0,73.52,1500.0,64.0,74.75000762939453,69.625,2163.46142578125,2125.984130859375,66.66666412353516,31,32,41,751,718,940
1787461102,384.6,53.0,10.0,69.86,1537.0,64.0,74.75000762939453,69.625,2163.46142578125,2125.984130859375,66.66666412353516,31,32,41,750,721,938
1787461103,386.1,53.0,9.0,72.86,1830.0,62.0,71.50000762939453,65.0,2163.46142578125,2160.0,66.66666412353516,31,32,41,750,721,941
1787461105,387.6,53.0,6.0,77.36,2557.0,62.0,71.50000762939453,65.0,2163.46142578125,2160.0,66.66666412353516,31,32,41,754,720,938
1787461106,389.1,53.0,4.0,88.79,2565.0,62.0,72.37500762939453,71.0,2163.46142578125,2142.857177734375,66.66666412353516,31,32,41,749,722,936
1787461108,390.6,52.0,6.0,83.67,2542.0,62.0,72.37500762939453,71.0,2163.46142578125,2142.857177734375,66.66666412353516,31,32,41,750,715,936
1787461109,392.1,52.0,3.0,77.04,2520.0,62.0,69.37500762939453,64.625,2163.46142578125,2153.110107421875,66.66666412353516,31,32,41,749,720,938
1787461111,393.6,52.0,4.0,84.27,2512.0,62.0,68.12500762939453,54.750003814697266,2170.41796875,2129.337646484375,66.66666412353516,31,32,41,751,718,934
1787461112,395.1,51.0,5.0,62.85,2257.0,62.0,65.25000762939453,50.750003814697266,2170.41796875,2136.075927734375,66.66666412353516,31,32,41,750,719,936
1787461114,396.6,53.0,29.0,133.15,2730.0,62.0,64.37500762939453,60.375003814697266,2156.549560546875,2153.110107421875,66.66666412353516,31,32,41,751,722,940
1787461115,398.1,54.0,31.0,144.86,2820.0,62.0,65.62500762939453,59.500003814697266,2163.46142578125,2153.110107421875,66.66666412353516,31,32,41,750,723,937
1787461117,399.6,54.0,31.0,144.25,2820.0,62.0,66.50000762939453,59.125003814697266,2170.41796875,2064.22021484375,62.74509811401367,31,32,41,752,718,938
1787461118,401.1,52.0,5.0,113.26,2550.0,62.0,67.37500762939453,76.875,2163.46142578125,2045.45458984375,62.74509811401367,31,32,41,751,720,941
1787461120,402.6,51.0,7.0,88.41,2535.0,60.0,71.75000762939453,62.250003814697266,2170.41796875,2045.45458984375,62.74509811401367,31,32,41,751,720,941
1787461121,404.1,51.0,6.0,87.58,2535.0,62.0,68.75000762939453,70.125,2170.41796875,2036.1990966796875,62.74509811401367,31,32,41,752,721,938
1787461123,405.6,53.0,30.0,131.9,2857.0,60.0,72.25000762939453,68.625,2166.93408203125,2036.1990966796875,62.74509811401367,31,32,41,748,721,937
1787461124,407.1,53.0,31.0,212.28,2865.0,62.0,82.5,74.125,2166.93408203125,2061.068603515625,62.74509811401367,31,32,41,751,720,941
1787461126,408.6,58.0,88.0,276.58,2827.0,62.0,81.125,71.25,2170.41796875,2083.333251953125,66.66666412353516,31,32,41,754,715,937
1787461127,410.1,58.0,69.0,291.21,2820.0,62.0,78.25000762939453,72.0,2156.549560546875,2136.075927734375,65.88235473632812,31,32,41,750,721,936
1787461129,411.6,58.0,88.0,290.67,2835.0,62.0,77.25000762939453,74.625,2156.549560546875,2129.337646484375,65.88235473632812,31,32,41,751,721,940
1787461130,413.1,59.0,93.0,286.2,2820.0,62.0,75.25000762939453,65.5,2163.46142578125,2139.461181640625,65.88235473632812,31,32,41,751,721,937
1787461132,414.6,59.0,95.0,316.06,2820.0,62.0,73.37500762939453,60.500003814697266,2166.93408203125,2109.375,65.88235473632812,31,32,41,751,721,936
1787461133,416.1,57.0,63.0,270.28,2842.0,62.0,70.00000762939453,66.0,2170.41796875,2139.461181640625,65.88235473632812,31,32,41,750,716,940
1787461135,417.6,60.0,83.0,325.69,2827.0,62.0,69.37500762939453,67.25,2163.46142578125,2139.461181640625,65.88235473632812,31,32,41,748,719,938
1787461136,419.1,62.0,97.0,378.16,2820.0,64.0,70.62500762939453,65.875,2163.46142578125,2102.8037109375,65.88235473632812,31,32,41,751,719,938
1787461138,420.6,62.0,98.0,383.28,2820.0,64.0,71.37500762939453,66.0,2163.46142578125,2136.075927734375,65.88235473632812,31,32,41,749,722,946
1787461139,422.1,62.0,98.0,423.2,2812.0,64.0,69.00000762939453,61.750003814697266,2163.46142578125,2142.857177734375,65.88235473632812,31,32,41,750,717,940
1787461141,423.6,63.0,97.0,423.05,2805.0,66.0,67.62500762939453,61.250003814697266,2156.549560546875,2136.075927734375,65.88235473632812,31,32,41,754,721,940
1787461142,425.1,63.0,97.0,421.98,2805.0,66.0,66.00000762939453,59.500003814697266,2163.46142578125,2136.075927734375,65.88235473632812,31,32,41,750,722,940
1787461144,426.6,64.0,94.0,436.8,2805.0,66.0,67.12500762939453,60.500003814697266,2170.41796875,2163.46142578125,65.88235473632812,31,32,41,750,717,944
1787461145,428.1,63.0,93.0,405.26,2805.0,66.0,67.12500762939453,60.500003814697266,2170.41796875,2163.46142578125,65.88235473632812,31,32,41,747,719,941
1787461147,429.6,64.0,95.0,426.0,2805.0,66.0,65.25000762939453,57.250003814697266,2163.46142578125,2163.46142578125,65.88235473632812,31,32,41,754,717,940
1787461148,431.1,64.0,97.0,423.5,2797.0,66.0,65.25000762939453,57.250003814697266,2163.46142578125,2163.46142578125,65.88235473632812,31,32,41,752,721,937
1787461150,432.6,64.0,94.0,422.26,2805.0,66.0,63.75000762939453,59.125003814697266,2170.41796875,2139.461181640625,65.88235473632812,31,32,41,751,718,944
1787461151,434.1,65.0,94.0,427.58,2805.0,66.0,63.75000762939453,59.125003814697266,2170.41796875,2139.461181640625,65.88235473632812,31,32,41,746,721,944
1787461153,435.6,65.0,96.0,428.41,2805.0,66.0,63.25000762939453,60.500003814697266,2170.41796875,2139.461181640625,65.88235473632812,31,32,41,751,715,944
1787461154,437.1,65.0,93.0,427.1,2797.0,66.0,63.25000762939453,60.500003814697266,2170.41796875,2139.461181640625,65.88235473632812,31,32,41,751,719,940
1787461156,438.6,65.0,92.0,424.87,2805.0,68.0,62.50000762939453,64.625,2166.93408203125,2115.987548828125,65.88235473632812,31,32,41,752,718,946
1787461157,440.1,64.0,95.0,418.96,2805.0,68.0,62.50000762939453,64.625,2166.93408203125,2115.987548828125,65.88235473632812,31,32,41,748,721,946
1787461159,441.6,65.0,92.0,419.96,2805.0,68.0,64.25000762939453,65.375,2163.46142578125,2112.676025390625,65.88235473632812,31,32,41,750,717,941
1787461160,443.1,65.0,95.0,423.81,2805.0,68.0,64.25000762939453,65.375,2163.46142578125,2112.676025390625,65.88235473632812,31,32,41,753,719,943
1787461162,444.6,65.0,92.0,424.26,2797.0,68.0,65.25000762939453,64.625,2166.93408203125,2109.375,65.88235473632812,31,32,41,748,718,946
1787461163,446.1,65.0,95.0,423.64,2797.0,68.0,65.37500762939453,60.875003814697266,2170.41796875,2136.075927734375,65.88235473632812,31,32,41,748,722,947
1787461165,447.6,65.0,94.0,418.85,2805.0,68.0,65.12500762939453,61.375003814697266,2163.46142578125,2109.375,65.88235473632812,31,32,41,753,719,941
1787461166,449.1,66.0,95.0,422.11,2805.0,68.0,64.75000762939453,62.250003814697266,2163.46142578125,2109.375,65.88235473632812,31,32,41,750,722,940
1787461168,450.6,65.0,93.0,426.65,2797.0,68.0,64.12500762939453,60.000003814697266,2166.93408203125,2119.309326171875,65.88235473632812,31,32,41,750,720,947
1787461169,452.1,66.0,96.0,423.83,2805.0,68.0,63.75000762939453,60.500003814697266,2170.41796875,2122.6416015625,65.88235473632812,31,32,41,750,721,947
1787461171,453.6,66.0,96.0,431.88,2797.0,68.0,64.37500762939453,63.625003814697266,2170.41796875,2132.701416015625,65.88235473632812,31,32,41,750,722,943
1787461172,455.1,66.0,93.0,431.68,2797.0,68.0,64.87500762939453,63.125003814697266,2163.46142578125,2139.461181640625,65.88235473632812,31,32,41,749,719,941
1787461174,456.6,67.0,96.0,429.21,2797.0,70.0,65.75000762939453,62.750003814697266,2163.46142578125,2170.41796875,65.88235473632812,31,32,41,749,722,946
1787461175,458.1,67.0,97.0,432.82,2797.0,68.0,65.37500762939453,64.125,2170.41796875,2136.075927734375,65.88235473632812,31,32,41,750,720,946
1787461177,459.6,66.0,93.0,422.95,2797.0,70.0,65.00000762939453,63.250003814697266,2163.46142578125,2109.375,65.88235473632812,31,32,41,753,716,944
1787461178,461.1,66.0,94.0,420.95,2805.0,70.0,64.87500762939453,64.625,2177.41943359375,2119.309326171875,65.88235473632812,31,32,41,751,722,941
1787461180,462.6,66.0,91.0,426.65,2805.0,70.0,64.62500762939453,63.625003814697266,2163.46142578125,2160.0,65.88235473632812,31,32,41,754,717,947
1787461181,464.1,66.0,84.0,418.39,2805.0,70.0,64.12500762939453,60.875003814697266,2163.46142578125,2163.46142578125,65.88235473632812,31,32,41,751,719,947
1787461183,465.8,67.0,93.0,423.06,2797.0,70.0,64.62500762939453,64.625,2170.41796875,2139.461181640625,65.88235473632812,31,32,41,753,715,947
1787461184,467.3,67.0,94.0,422.59,2805.0,70.0,65.37500762939453,63.625003814697266,2170.41796875,2142.857177734375,65.88235473632812,31,32,41,749,723,943
1787461186,468.8,67.0,91.0,426.76,2797.0,70.0,65.50000762939453,61.375003814697266,2163.46142578125,2119.309326171875,65.88235473632812,31,37,41,748,733,943
1787461187,470.3,67.0,95.0,429.88,2797.0,70.0,65.25000762939453,57.000003814697266,2153.110107421875,2136.075927734375,65.88235473632812,31,37,41,749,784,947
1787461189,471.8,67.0,93.0,434.87,2797.0,70.0,63.87500762939453,60.875003814697266,2170.41796875,2139.461181640625,65.88235473632812,31,37,41,745,803,949
1787461190,473.3,67.0,96.0,439.31,2790.0,70.0,63.75000762939453,62.250003814697266,2163.46142578125,2112.676025390625,65.88235473632812,31,37,41,751,805,946
1787461192,474.8,68.0,94.0,435.42,2805.0,70.0,63.00000762939453,63.625003814697266,2163.46142578125,2106.084228515625,65.88235473632812,31,37,41,747,807,944
1787461193,476.3,67.0,94.0,442.01,2797.0,70.0,63.00000762939453,58.625003814697266,2160.0,2109.375,65.88235473632812,31,37,41,753,806,950
1787461195,478.1,67.0,90.0,439.83,2797.0,70.0,64.00000762939453,64.5,2163.46142578125,2115.987548828125,65.88235473632812,31,37,41,749,818,950
1787461197,479.8,68.0,93.0,428.28,2797.0,70.0,68.25000762939453,66.375,2170.41796875,1898.734130859375,54.90196228027344,31,37,41,751,817,955
1787461199,481.6,68.0,97.0,427.55,2797.0,70.0,68.62500762939453,64.625,2170.41796875,1816.958251953125,54.90196228027344,31,37,41,748,815,950
1787461200,483.1,68.0,92.0,430.66,2805.0,70.0,68.12500762939453,64.125,2163.46142578125,1912.1812744140625,54.90196228027344,31,37,41,750,815,952
1787461202,484.8,68.0,93.0,427.59,2797.0,70.0,66.75000762939453,63.625003814697266,2149.681640625,1888.1119384765625,54.90196228027344,31,37,41,751,817,949
1787461203,486.3,68.0,94.0,420.24,2805.0,70.0,66.25000762939453,63.625003814697266,2170.41796875,1867.219970703125,54.90196228027344,31,37,41,750,814,952
1787461205,487.8,68.0,94.0,431.58,2797.0,72.0,66.25000762939453,68.625,2166.93408203125,1867.219970703125,54.90196228027344,31,37,41,749,818,953
1787461207,489.6,68.0,93.0,430.26,2797.0,72.0,70.12500762939453,72.0,2170.41796875,1867.219970703125,54.90196228027344,31,37,41,752,818,953
1787461208,491.3,68.0,97.0,416.73,2805.0,72.0,77.37500762939453,75.75,2170.41796875,1912.1812744140625,58.82353210449219,31,37,41,751,820,953
1787461210,493.1,68.0,97.0,388.23,2797.0,72.0,77.37500762939453,75.75,2170.41796875,1912.1812744140625,58.82353210449219,31,37,41,754,817,950
1787461212,494.6,68.0,98.0,430.4,2805.0,72.0,78.12500762939453,75.75,2163.46142578125,2061.068603515625,62.74509811401367,31,37,41,752,820,949
1787461213,496.1,69.0,98.0,429.41,2805.0,72.0,76.00000762939453,70.5,2170.41796875,2064.22021484375,62.74509811401367,31,37,41,750,817,946
1787461215,497.6,68.0,94.0,428.48,2805.0,72.0,75.00000762939453,67.875,2163.46142578125,2076.923095703125,62.74509811401367,31,42,41,750,831,952
1787461216,499.1,68.0,97.0,420.87,2805.0,72.0,75.00000762939453,67.875,2163.46142578125,2076.923095703125,62.74509811401367,31,42,46,751,879,1022
1787461218,500.6,68.0,96.0,416.53,2805.0,72.0,71.75000762939453,64.625,2163.46142578125,2086.55322265625,62.74509811401367,31,42,46,749,892,1050
1787461219,502.1,68.0,96.0,414.68,2805.0,72.0,71.75000762939453,64.625,2163.46142578125,2086.55322265625,62.74509811401367,31,42,46,750,896,1054
1787461221,503.6,68.0,97.0,421.37,2805.0,72.0,69.50000762939453,65.0,2166.93408203125,2042.360107421875,62.74509811401367,31,42,46,750,895,1054
1787461222,505.1,68.0,96.0,420.04,2805.0,72.0,69.50000762939453,65.0,2166.93408203125,2042.360107421875,62.74509811401367,31,42,46,750,906,1060
1787461224,506.6,68.0,90.0,422.09,2805.0,72.0,68.62500762939453,65.875,2163.46142578125,2045.45458984375,62.74509811401367,36,42,46,825,904,1060
1787461225,508.1,69.0,96.0,421.13,2805.0,72.0,68.62500762939453,65.875,2163.46142578125,2045.45458984375,62.74509811401367,36,42,46,853,909,1060
1787461227,509.6,69.0,95.0,426.1,2805.0,72.0,69.00000762939453,66.25,2170.41796875,2048.558349609375,62.74509811401367,36,42,46,860,903,1056
1787461228,511.1,69.0,92.0,426.7,2805.0,72.0,69.00000762939453,66.0,2163.46142578125,2064.22021484375,62.74509811401367,36,42,46,862,906,1050
1787461230,512.6,69.0,97.0,424.65,2805.0,72.0,69.00000762939453,67.25,2160.0,2061.068603515625,62.74509811401367,36,42,46,869,907,1054
1787461231,514.1,68.0,96.0,422.59,2805.0,72.0,68.50000762939453,64.625,2156.549560546875,2039.27490234375,62.74509811401367,36,42,46,867,910,1054
1787461233,515.6,69.0,95.0,422.26,2805.0,72.0,67.87500762939453,65.875,2156.549560546875,2083.333251953125,62.74509811401367,36,42,46,870,906,1058
1787461234,517.4,69.0,96.0,420.17,2805.0,72.0,67.50000762939453,63.625003814697266,2166.93408203125,2064.22021484375,62.74509811401367,36,42,46,869,906,1058
1787461236,518.9,69.0,97.0,424.92,2805.0,72.0,67.12500762939453,63.125003814697266,2163.46142578125,2086.55322265625,62.74509811401367,36,42,46,868,909,1056
1787461238,520.6,69.0,96.0,424.36,2805.0,72.0,67.00000762939453,64.625,2163.46142578125,2086.55322265625,62.74509811401367,36,42,46,863,903,1054
1787461239,522.1,69.0,97.0,422.93,2805.0,72.0,67.25000762939453,64.875,2163.46142578125,2033.132568359375,62.74509811401367,36,42,46,869,906,1060
1787461241,523.9,69.0,97.0,423.34,2805.0,72.0,67.25000762939453,64.875,2163.46142578125,2033.132568359375,62.74509811401367,36,42,46,870,907,1058
1787461242,525.4,69.0,95.0,423.07,2805.0,72.0,67.00000762939453,64.125,2170.41796875,2086.55322265625,62.74509811401367,36,42,46,865,906,1054
1787461244,526.9,69.0,94.0,423.15,2805.0,72.0,67.00000762939453,64.125,2170.41796875,2086.55322265625,62.74509811401367,36,42,46,873,910,1060
1787461246,529.1,60.0,12.0,121.24,2842.0,70.0,66.25000762939453,61.875003814697266,2163.46142578125,2070.55224609375,62.74509811401367,36,42,46,863,906,1056
1787461248,530.6,59.0,9.0,106.95,2722.0,70.0,70.62500762939453,66.75,2163.46142578125,2039.27490234375,62.74509811401367,36,42,46,867,903,1050
1787461249,532.1,59.0,10.0,105.4,2737.0,68.0,73.12500762939453,63.625003814697266,2163.46142578125,2036.1990966796875,62.74509811401367,36,42,46,869,906,1048
1787461251,533.6,58.0,9.0,91.01,2220.0,68.0,71.50000762939453,59.500003814697266,2163.46142578125,2061.068603515625,62.74509811401367,36,42,46,865,907,1050
1787461252,535.1,57.0,13.0,88.76,2287.0,68.0,69.75000762939453,64.5,2170.41796875,2064.22021484375,62.74509811401367,36,42,46,870,909,1048
1787461254,536.6,57.0,9.0,77.65,1755.0,68.0,70.00000762939453,71.375,2163.46142578125,2036.1990966796875,62.74509811401367,36,42,46,867,906,1056
1787461255,538.1,56.0,11.0,75.46,1815.0,66.0,70.75000762939453,65.5,2156.549560546875,2089.783203125,62.74509811401367,36,42,46,870,911,1054
1787461257,539.6,56.0,5.0,94.86,2610.0,66.0,70.62500762939453,72.25,2163.46142578125,2064.22021484375,62.74509811401367,36,42,46,873,907,1054
1787461258,541.1,56.0,8.0,93.8,2542.0,66.0,70.62500762939453,64.375,2170.41796875,2061.068603515625,62.74509811401367,36,42,46,868,904,1050
1787461260,542.6,56.0,7.0,94.83,2595.0,66.0,70.87500762939453,72.0,2163.46142578125,2064.22021484375,62.74509811401367,36,42,46,868,903,1052
1787461261,544.1,55.0,4.0,93.97,2557.0,66.0,72.87500762939453,66.875,2170.41796875,2086.55322265625,62.74509811401367,36,42,46,869,906,1054
1787461263,545.6,56.0,26.0,115.84,2700.0,66.0,72.87500762939453,66.875,2170.41796875,2086.55322265625,62.74509811401367,36,42,46,869,904,1045
1787461264,547.1,56.0,27.0,121.3,2782.0,66.0,70.50000762939453,60.000003814697266,2170.41796875,2039.27490234375,62.74509811401367,36,42,46,869,909,1050
1787461266,548.6,56.0,8.0,111.89,2685.0,66.0,70.50000762939453,60.000003814697266,2170.41796875,2039.27490234375,62.74509811401367,36,42,46,869,910,1047
1787461267,550.1,55.0,8.0,98.91,2655.0,64.0,67.37500762939453,61.375003814697266,2163.46142578125,2039.27490234375,62.74509811401367,36,42,46,872,904,1047
1787461269,551.6,55.0,6.0,97.81,2572.0,64.0,67.37500762939453,61.375003814697266,2163.46142578125,2039.27490234375,62.74509811401367,36,42,46,867,904,1047
1787461270,553.1,54.0,6.0,92.51,2587.0,64.0,67.12500762939453,64.625,2170.41796875,2067.38134765625,62.74509811401367,36,42,46,868,902,1043
1787461272,554.6,54.0,7.0,93.38,2617.0,64.0,67.12500762939453,64.625,2170.41796875,2067.38134765625,62.74509811401367,36,42,46,872,909,1045
1787461273,556.1,54.0,6.0,92.15,2595.0,64.0,67.00000762939453,61.250003814697266,2170.41796875,2039.27490234375,62.74509811401367,36,42,46,867,910,1045
1787461275,557.6,54.0,9.0,92.92,2632.0,64.0,67.00000762939453,61.250003814697266,2170.41796875,2039.27490234375,62.74509811401367,36,42,46,867,910,1048
1787461276,559.1,53.0,7.0,91.6,2580.0,64.0,66.50000762939453,64.375,2160.0,2064.22021484375,62.74509811401367,36,42,46,868,910,1048
1787461278,560.6,53.0,8.0,93.35,2632.0,64.0,66.12500762939453,67.25,2160.0,2061.068603515625,62.74509811401367,36,42,46,864,910,1047
1787461279,562.1,53.0,5.0,90.33,2580.0,62.0,66.12500762939453,61.875003814697266,2163.46142578125,2061.068603515625,62.74509811401367,36,42,46,867,910,1048
1787461281,563.6,53.0,8.0,94.65,2632.0,62.0,66.87500762939453,64.125,2160.0,2064.22021484375,62.74509811401367,36,42,46,869,907,1048
1787461282,565.1,53.0,4.0,92.57,2542.0,62.0,66.87500762939453,64.375,2170.41796875,2039.27490234375,62.74509811401367,36,42,46,869,907,1047
1787461284,566.6,52.0,4.0,87.21,2535.0,62.0,68.87500762939453,71.125,2163.46142578125,2036.1990966796875,62.74509811401367,36,42,46,869,907,1047
1787461285,568.1,52.0,4.0,88.65,2580.0,62.0,72.37500762939453,76.75,2156.549560546875,2089.783203125,62.74509811401367,36,42,46,864,904,1048
1787461287,569.6,52.0,6.0,87.4,2557.0,62.0,73.25000762939453,71.875,2163.46142578125,2067.38134765625,62.74509811401367,36,42,46,865,903,1047
1787461288,571.1,52.0,16.0,89.24,2580.0,62.0,74.87500762939453,63.875003814697266,2163.46142578125,2061.068603515625,62.74509811401367,36,42,46,862,904,1047
1787461290,572.6,54.0,32.0,152.24,2820.0,62.0,75.87500762939453,70.0,2166.93408203125,2093.023193359375,62.74509811401367,36,42,46,865,907,1048
1787461291,574.1,54.0,33.0,152.13,2820.0,62.0,74.87500762939453,69.625,2166.93408203125,2045.45458984375,62.74509811401367,36,42,46,864,907,1048
1787461293,575.6,54.0,35.0,153.62,2842.0,62.0,73.75000762939453,68.625,2160.0,2057.9267578125,62.74509811401367,36,42,46,867,907,1048
1787461294,577.1,54.0,33.0,154.19,2850.0,62.0,72.25000762939453,68.25,2170.41796875,2064.22021484375,62.74509811401367,36,42,46,870,904,1045
1787461296,578.6,54.0,34.0,154.08,2842.0,62.0,71.50000762939453,73.75,2163.46142578125,2061.068603515625,62.74509811401367,36,42,46,868,906,1045
1787461297,580.1,54.0,33.0,152.94,2827.0,62.0,70.50000762939453,71.625,2163.46142578125,2076.923095703125,62.74509811401367,36,42,46,869,907,1048
1787461299,581.6,54.0,33.0,152.43,2820.0,62.0,69.12500762939453,58.625003814697266,2170.41796875,2089.783203125,62.74509811401367,36,42,46,868,903,1045
1787461300,583.1,54.0,32.0,151.99,2820.0,62.0,66.37500762939453,60.375003814697266,2160.0,2089.783203125,62.74509811401367,36,42,46,868,906,1045
1787461302,584.6,54.0,32.0,152.2,2827.0,62.0,65.00000762939453,56.375003814697266,2156.549560546875,2064.22021484375,62.74509811401367,36,42,46,868,904,1047
1787461303,586.1,53.0,31.0,151.02,2820.0,60.0,67.75000762939453,66.75,2163.46142578125,2051.671630859375,62.74509811401367,36,42,46,868,906,1048
1787461305,587.6,53.0,31.0,151.14,2827.0,62.0,69.00000762939453,71.5,2156.549560546875,2061.068603515625,62.74509811401367,36,42,46,872,904,1047
1787461306,589.1,53.0,31.0,151.77,2820.0,60.0,70.37500762939453,72.875,2170.41796875,2061.068603515625,62.74509811401367,36,42,46,865,911,1043
1787461308,590.6,53.0,31.0,150.74,2820.0,60.0,70.50000762939453,64.125,2156.549560546875,2036.1990966796875,62.74509811401367,36,42,46,864,909,1041
1787461309,592.1,53.0,32.0,150.87,2827.0,60.0,70.50000762939453,64.125,2156.549560546875,2036.1990966796875,62.74509811401367,36,42,46,867,906,1041
1787461311,593.6,53.0,30.0,154.88,2857.0,60.0,70.50000762939453,64.5,2170.41796875,2057.9267578125,62.74509811401367,36,42,46,865,906,1043
1787461312,595.1,53.0,31.0,150.8,2827.0,60.0,70.50000762939453,64.5,2170.41796875,2057.9267578125,62.74509811401367,36,42,46,870,911,1041
1787461314,596.6,53.0,32.0,153.56,2872.0,60.0,70.37500762939453,69.25,2170.41796875,2083.333251953125,62.74509811401367,36,42,46,868,906,1043
1787461315,598.1,53.0,31.0,152.51,2842.0,60.0,70.37500762939453,69.25,2170.41796875,2083.333251953125,62.74509811401367,36,42,46,873,907,1041
1787461317,599.6,53.0,31.0,150.53,2827.0,60.0,70.50000762939453,71.5,2163.46142578125,2064.22021484375,62.74509811401367,36,42,46,865,906,1043
1787461318,601.1,53.0,31.0,150.67,2820.0,60.0,70.50000762939453,71.5,2163.46142578125,2064.22021484375,62.74509811401367,29,32,46,777,877,1041
1787461320,602.6,53.0,31.0,150.57,2820.0,60.0,68.37500762939453,56.375003814697266,2163.46142578125,2036.1990966796875,62.74509811401367,29,32,46,729,783,1043
1787461321,604.1,52.0,30.0,149.44,2812.0,60.0,68.37500762939453,56.375003814697266,2163.46142578125,2036.1990966796875,62.74509811401367,29,32,46,721,750,1043
1787461323,605.6,52.0,31.0,149.25,2812.0,60.0,64.00000762939453,56.375003814697266,2170.41796875,2061.068603515625,62.74509811401367,29,32,41,716,738,1001
1787461324,607.1,52.0,30.0,149.29,2812.0,60.0,64.00000762939453,56.375003814697266,2170.41796875,2061.068603515625,62.74509811401367,29,32,41,705,731,947
1787461326,608.6,52.0,30.0,149.66,2827.0,60.0,62.25000762939453,61.250003814697266,2156.549560546875,2042.360107421875,62.74509811401367,29,32,41,705,726,946
1787461327,610.1,52.0,32.0,151.68,2842.0,60.0,63.37500762939453,69.75,2166.93408203125,2042.360107421875,62.74509811401367,29,32,41,710,721,946
1787461329,611.6,52.0,33.0,151.17,2835.0,60.0,62.50000762939453,56.750003814697266,2163.46142578125,2061.068603515625,62.74509811401367,29,32,41,708,722,940
1787461330,613.1,52.0,32.0,151.24,2827.0,60.0,61.87500762939453,55.000003814697266,2170.41796875,2067.38134765625,62.74509811401367,29,32,41,707,719,938
1787461332,614.6,52.0,31.0,150.73,2827.0,60.0,62.00000762939453,60.625003814697266,2170.41796875,2083.333251953125,62.74509811401367,29,32,41,705,719,943
1787461333,616.1,52.0,31.0,150.04,2820.0,60.0,66.50000762939453,66.0,2163.46142578125,2086.55322265625,62.74509811401367,29,32,41,705,716,941
1787461335,617.6,52.0,31.0,150.91,2835.0,60.0,68.87500762939453,67.25,2163.46142578125,2045.45458984375,62.74509811401367,29,32,41,706,720,940
1787461336,619.1,52.0,31.0,151.07,2850.0,60.0,69.50000762939453,69.625,2163.46142578125,2042.360107421875,62.74509811401367,29,32,41,707,718,941
1787461338,620.6,52.0,31.0,149.97,2827.0,60.0,70.00000762939453,68.125,2170.41796875,2089.783203125,62.74509811401367,29,32,41,708,717,943
1787461339,622.1,52.0,38.0,152.31,2872.0,60.0,70.37500762939453,65.375,2163.46142578125,2061.068603515625,62.74509811401367,29,32,41,707,721,943
1787461341,623.6,52.0,31.0,150.46,2842.0,60.0,69.87500762939453,68.25,2170.41796875,2036.1990966796875,62.74509811401367,29,32,41,706,722,938
1787461342,625.1,52.0,42.0,152.01,2865.0,60.0,69.50000762939453,62.500003814697266,2166.93408203125,2054.79443359375,62.74509811401367,29,32,41,708,717,941
1787461344,626.6,52.0,31.0,153.97,2887.0,58.0,69.50000762939453,71.0,2163.46142578125,2086.55322265625,62.74509811401367,29,32,41,708,719,943
1787461345,628.1,52.0,30.0,150.51,2842.0,58.0,69.62500762939453,66.0,2170.41796875,2080.123291015625,62.74509811401367,29,32,41,705,717,940
1787461347,629.6,52.0,31.0,148.91,2827.0,58.0,70.12500762939453,69.125,2163.46142578125,2057.9267578125,62.74509811401367,29,32,41,705,720,940
1787461348,631.1,52.0,31.0,149.05,2827.0,60.0,71.25000762939453,62.625003814697266,2170.41796875,2061.068603515625,62.74509811401367,29,32,41,701,720,944
1787461350,632.6,51.0,29.0,141.32,2827.0,58.0,68.62500762939453,60.000003814697266,2163.46142578125,2073.732666015625,62.74509811401367,29,32,41,708,722,944
1787461351,634.1,51.0,29.0,145.41,2820.0,58.0,67.50000762939453,60.875003814697266,2163.46142578125,2089.783203125,62.74509811401367,29,32,41,704,714,938
1787461353,635.6,51.0,31.0,146.93,2835.0,58.0,66.00000762939453,59.625003814697266,2163.46142578125,2064.22021484375,62.74509811401367,29,32,41,703,721,940
1787461354,637.1,49.0,3.0,104.97,2535.0,58.0,73.62500762939453,66.0,2170.41796875,2039.27490234375,62.74509811401367,29,32,41,709,721,943
1787461356,638.6,49.0,4.0,85.53,2535.0,58.0,69.87500762939453,56.750003814697266,2177.41943359375,2067.38134765625,62.74509811401367,29,32,41,705,719,944
1787461357,640.1,50.0,32.0,94.25,2647.0,58.0,71.87500762939453,73.875,2163.46142578125,2045.45458984375,62.74509811401367,29,32,41,706,722,936
1787461359,641.6,49.0,18.0,96.96,2745.0,58.0,78.25000762939453,63.875003814697266,2163.46142578125,2036.1990966796875,62.74509811401367,29,32,41,705,719,938
1787461360,643.1,56.0,90.0,291.9,2827.0,60.0,75.50000762939453,58.000003814697266,2163.46142578125,2064.22021484375,62.74509811401367,29,32,41,710,715,940
1787461362,644.6,51.0,30.0,220.47,2880.0,60.0,72.37500762939453,64.625,2170.41796875,2064.22021484375,62.74509811401367,29,32,41,709,722,938
1787461363,646.1,57.0,87.0,277.07,2827.0,60.0,70.87500762939453,65.5,2160.0,2036.1990966796875,62.74509811401367,29,32,41,706,719,938
1787461365,647.6,59.0,98.0,393.8,2812.0,60.0,70.87500762939453,65.5,2160.0,2036.1990966796875,62.74509811401367,29,32,41,705,722,943
1787461366,649.1,60.0,96.0,421.52,2820.0,62.0,70.00000762939453,64.375,2163.46142578125,2064.22021484375,62.74509811401367,29,32,41,708,717,946
1787461368,650.6,58.0,89.0,365.23,2827.0,62.0,70.00000762939453,64.375,2163.46142578125,2064.22021484375,62.74509811401367,29,32,41,708,718,943
1787461369,652.1,61.0,93.0,435.91,2805.0,62.0,73.25000762939453,68.25,2163.46142578125,2086.55322265625,62.74509811401367,29,32,41,708,720,940
1787461371,653.6,62.0,97.0,401.16,2790.0,62.0,73.25000762939453,68.25,2163.46142578125,2086.55322265625,62.74509811401367,29,32,41,705,721,946
1787461372,655.1,62.0,97.0,452.78,2782.0,64.0,68.62500762939453,59.875003814697266,2163.46142578125,2064.22021484375,62.74509811401367,29,32,41,709,722,943
1787461374,656.6,62.0,97.0,452.8,2782.0,64.0,68.62500762939453,59.875003814697266,2163.46142578125,2064.22021484375,62.74509811401367,29,32,41,708,717,944
1787461375,658.1,63.0,96.0,454.38,2782.0,64.0,64.87500762939453,57.750003814697266,2170.41796875,2089.783203125,62.74509811401367,29,32,41,709,716,943
1787461377,659.6,64.0,96.0,460.69,2782.0,64.0,64.87500762939453,57.750003814697266,2170.41796875,2089.783203125,62.74509811401367,29,32,41,705,718,946
1787461378,661.1,63.0,97.0,392.22,2827.0,64.0,62.75000762939453,58.125003814697266,2170.41796875,2042.360107421875,62.74509811401367,29,32,41,706,720,949
1787461380,662.6,64.0,95.0,451.75,2797.0,64.0,61.62500762939453,60.625003814697266,2163.46142578125,2067.38134765625,62.74509811401367,29,32,41,708,717,950
1787461381,664.1,63.0,95.0,454.6,2790.0,64.0,60.62500762939453,54.125003814697266,2163.46142578125,2086.55322265625,62.74509811401367,29,32,41,707,716,941
1787461383,665.6,64.0,92.0,449.33,2797.0,64.0,60.00000762939453,56.375003814697266,2170.41796875,2064.22021484375,62.74509811401367,29,32,41,707,722,944
1787461384,667.1,64.0,94.0,451.73,2797.0,66.0,62.62500762939453,60.875003814697266,2156.549560546875,2089.783203125,62.74509811401367,29,32,41,706,719,949
1787461386,668.6,64.0,96.0,454.73,2797.0,66.0,62.12500762939453,58.750003814697266,2163.46142578125,1945.2449951171875,58.82353210449219,29,32,41,707,723,952
1787461387,670.1,57.0,32.0,177.6,2872.0,64.0,62.87500762939453,66.875,2163.46142578125,1953.6903076171875,58.82353210449219,29,32,41,707,719,949
1787461389,671.6,63.0,87.0,416.4,2805.0,66.0,62.37500762939453,53.125003814697266,2163.46142578125,1970.802978515625,58.82353210449219,29,32,41,712,719,943
1787461390,673.1,64.0,95.0,422.18,2797.0,66.0,61.50000762939453,55.375003814697266,2170.41796875,1962.2093505859375,60.0,29,32,41,705,722,943
1787461392,674.6,64.0,97.0,431.16,2797.0,66.0,60.50000762939453,53.125003814697266,2163.46142578125,1965.0655517578125,60.0,29,32,41,707,718,944
1787461393,676.1,60.0,59.0,414.88,2805.0,66.0,59.25000762939453,57.750003814697266,2156.549560546875,1976.573974609375,60.0,29,32,41,710,722,949
1787461395,677.6,64.0,95.0,419.24,2797.0,66.0,59.50000762939453,56.375003814697266,2160.0,1970.802978515625,60.0,29,32,41,706,719,944
1787461396,679.1,63.0,90.0,411.88,2797.0,66.0,60.62500762939453,59.125003814697266,2156.549560546875,1994.091552734375,60.0,29,32,41,705,717,944
1787461398,680.6,64.0,94.0,416.88,2805.0,66.0,61.12500762939453,57.375003814697266,2156.549560546875,1985.2940673828125,60.0,29,32,41,705,716,941
1787461399,682.1,64.0,95.0,418.27,2797.0,66.0,63.25000762939453,54.500003814697266,2163.46142578125,2014.9254150390625,60.0,29,32,41,705,719,947
1787461401,683.6,65.0,97.0,405.7,2797.0,66.0,62.50000762939453,53.625003814697266,2170.41796875,1970.802978515625,60.0,29,32,41,710,720,947
1787461402,685.1,64.0,97.0,409.6,2805.0,66.0,60.87500762939453,53.625003814697266,2166.93408203125,1985.2940673828125,60.0,29,32,41,710,718,943
1787461404,686.6,65.0,95.0,411.52,2812.0,68.0,60.37500762939453,62.625003814697266,2160.0,1991.150390625,60.0,29,32,41,705,721,943
1787461405,688.1,65.0,94.0,417.01,2797.0,68.0,60.25000762939453,54.500003814697266,2163.46142578125,2008.9285888671875,60.0,29,32,41,704,718,947
1787461407,689.6,64.0,95.0,404.43,2805.0,68.0,60.37500762939453,53.625003814697266,2163.46142578125,1991.150390625,60.0,29,32,41,705,721,947
1787461408,691.1,65.0,93.0,401.41,2805.0,68.0,60.37500762939453,58.125003814697266,2163.46142578125,1988.218017578125,60.0,29,32,41,706,718,943
1787461410,692.6,65.0,94.0,412.42,2797.0,68.0,60.87500762939453,54.250003814697266,2170.41796875,1991.150390625,60.0,29,32,41,708,722,944
1787461411,694.1,65.0,94.0,418.64,2797.0,68.0,63.00000762939453,56.375003814697266,2170.41796875,1965.0655517578125,60.0,29,32,41,707,718,944
1787461413,695.6,66.0,98.0,431.63,2797.0,68.0,62.12500762939453,55.000003814697266,2156.549560546875,1970.802978515625,60.0,29,32,41,708,721,947
1787461414,697.1,65.0,96.0,412.65,2805.0,68.0,63.25000762939453,53.625003814697266,2163.46142578125,1985.2940673828125,60.0,29,32,41,707,717,950
1787461416,698.6,66.0,96.0,430.62,2797.0,68.0,62.12500762939453,54.500003814697266,2166.93408203125,1988.218017578125,60.0,29,32,41,706,719,941
1787461417,700.1,66.0,97.0,413.29,2797.0,68.0,62.12500762939453,54.500003814697266,2166.93408203125,1988.218017578125,60.0,29,32,41,709,724,946
1787461419,701.6,66.0,94.0,442.74,2797.0,70.0,60.62500762939453,60.875003814697266,2166.93408203125,1991.150390625,60.0,29,32,41,704,723,949
1787461420,703.1,66.0,93.0,418.79,2805.0,70.0,60.62500762939453,60.875003814697266,2166.93408203125,1991.150390625,60.0,29,32,41,706,721,952
1787461422,704.6,67.0,94.0,428.96,2797.0,70.0,62.12500762939453,60.875003814697266,2170.41796875,2017.937255859375,60.0,29,32,41,706,721,950
1787461423,706.1,66.0,95.0,437.58,2797.0,70.0,62.12500762939453,60.875003814697266,2170.41796875,2017.937255859375,60.0,29,32,41,709,720,950
1787461425,707.6,67.0,93.0,423.69,2797.0,70.0,65.00000762939453,62.250003814697266,2163.46142578125,1985.2940673828125,60.0,29,32,41,704,719,949
1787461426,709.1,66.0,90.0,416.98,2805.0,70.0,65.00000762939453,62.250003814697266,2163.46142578125,1985.2940673828125,60.0,29,32,41,706,718,941
1787461428,710.6,66.0,96.0,423.67,2797.0,70.0,63.87500762939453,72.0,2163.46142578125,1965.0655517578125,60.0,29,32,41,710,716,947
1787461429,712.1,67.0,97.0,431.21,2805.0,70.0,63.87500762939453,72.0,2163.46142578125,1965.0655517578125,60.0,29,32,41,705,721,950
1787461431,713.6,66.0,95.0,431.74,2797.0,70.0,67.25000762939453,58.250003814697266,2156.549560546875,1991.150390625,60.0,29,37,41,707,735,949
1787461432,715.1,67.0,98.0,432.05,2797.0,70.0,65.62500762939453,60.875003814697266,2163.46142578125,2011.9224853515625,60.0,29,37,41,707,784,946
1787461434,716.6,67.0,96.0,424.33,2797.0,70.0,63.50000762939453,57.375003814697266,2160.0,1970.802978515625,60.0,29,37,41,707,800,944
1787461435,718.1,67.0,92.0,416.36,2797.0,70.0,62.37500762939453,56.750003814697266,2163.46142578125,1985.2940673828125,60.0,29,37,41,705,808,944
1787461437,719.6,67.0,92.0,419.0,2805.0,70.0,61.50000762939453,57.750003814697266,2170.41796875,1994.091552734375,60.0,29,37,41,710,811,950
1787461438,721.1,68.0,96.0,437.44,2797.0,70.0,60.75000762939453,55.000003814697266,2166.93408203125,1988.218017578125,60.0,29,37,41,705,816,950
1787461440,722.6,67.0,96.0,433.34,2797.0,70.0,60.25000762939453,56.750003814697266,2163.46142578125,1970.802978515625,60.0,29,37,41,708,816,950
1787461441,724.1,68.0,96.0,426.38,2805.0,70.0,59.87500762939453,57.250003814697266,2170.41796875,1859.504150390625,51.764705657958984,29,37,41,709,817,952
1787461443,725.6,68.0,95.0,438.24,2797.0,70.0,59.62500762939453,55.875003814697266,2156.549560546875,1746.4423828125,51.764705657958984,29,37,41,706,817,950
1787461444,727.1,67.0,94.0,441.71,2797.0,70.0,59.37500762939453,55.375003814697266,2163.46142578125,1788.0794677734375,51.764705657958984,29,37,41,710,816,947
1787461446,728.6,67.0,94.0,424.02,2797.0,70.0,58.87500762939453,56.375003814697266,2163.46142578125,1755.526611328125,51.764705657958984,29,37,41,708,817,953
1787461447,730.1,67.0,96.0,412.44,2805.0,70.0,59.62500762939453,59.500003814697266,2170.41796875,1783.3553466796875,51.764705657958984,29,37,41,706,820,953
1787461449,731.6,68.0,94.0,424.68,2805.0,72.0,60.12500762939453,66.75,2163.46142578125,1781.002685546875,51.764705657958984,29,37,41,708,816,955
1787461450,733.1,68.0,96.0,438.3,2797.0,72.0,60.00000762939453,52.625003814697266,2163.46142578125,1797.6031494140625,51.764705657958984,29,37,41,707,818,955
1787461452,734.6,68.0,94.0,429.61,2797.0,72.0,60.25000762939453,55.625003814697266,2163.46142578125,1781.002685546875,51.764705657958984,29,37,41,710,816,952
1787461453,736.1,68.0,96.0,425.39,2797.0,72.0,59.62500762939453,52.750003814697266,2163.46142578125,1800.0,51.764705657958984,34,37,41,771,814,950
1787461455,737.6,68.0,97.0,412.71,2797.0,72.0,59.50000762939453,54.500003814697266,2170.41796875,1795.2127685546875,51.764705657958984,34,37,41,798,817,953
1787461456,739.1,68.0,94.0,413.99,2797.0,72.0,59.50000762939453,53.625003814697266,2163.46142578125,1778.6561279296875,51.764705657958984,34,37,41,809,815,950
1787461458,740.6,68.0,96.0,412.62,2797.0,72.0,59.37500762939453,56.875003814697266,2166.93408203125,1776.3157958984375,50.98039245605469,34,37,41,815,816,953
1787461459,742.1,68.0,95.0,417.56,2797.0,72.0,67.87500762939453,71.625,2160.0,1760.104248046875,50.98039245605469,34,37,41,821,816,961
1787461461,743.6,68.0,93.0,417.37,2797.0,72.0,66.50000762939453,57.375003814697266,2160.0,1741.9354248046875,50.98039245605469,34,37,46,820,817,1016
1787461462,745.1,67.0,97.0,371.86,2805.0,72.0,65.25000762939453,60.500003814697266,2163.46142578125,1760.104248046875,50.98039245605469,34,37,46,823,817,1056
1787461464,746.6,67.0,93.0,390.34,2805.0,72.0,63.87500762939453,60.750003814697266,2170.41796875,1757.8125,50.98039245605469,34,37,46,816,816,1056
1787461465,748.1,68.0,96.0,392.32,2805.0,72.0,63.37500762939453,64.625,2163.46142578125,1757.8125,50.98039245605469,34,42,46,818,860,1058
1787461467,749.6,68.0,96.0,392.07,2805.0,70.0,62.87500762939453,58.250003814697266,2163.46142578125,1757.8125,50.98039245605469,34,42,46,820,883,1058
1787461468,751.1,68.0,96.0,392.03,2805.0,72.0,62.37500762939453,60.875003814697266,2163.46142578125,1776.3157958984375,50.98039245605469,34,42,46,824,896,1061
1787461470,752.6,68.0,95.0,392.12,2805.0,72.0,62.25000762939453,60.000003814697266,2170.41796875,1739.690673828125,50.98039245605469,34,42,46,821,906,1061
1787461471,754.1,62.0,4.0,368.89,2827.0,70.0,62.25000762939453,50.500003814697266,2170.41796875,1762.402099609375,50.98039245605469,34,42,46,820,902,1058
1787461473,755.6,68.0,94.0,418.41,2797.0,70.0,62.25000762939453,50.500003814697266,2170.41796875,1762.402099609375,50.98039245605469,34,42,46,820,906,1060
1787461474,757.1,67.0,93.0,411.82,2797.0,72.0,60.87500762939453,55.375003814697266,2170.41796875,1760.104248046875,50.98039245605469,34,42,46,814,906,1058
1787461476,758.6,68.0,96.0,404.08,2805.0,72.0,60.87500762939453,55.375003814697266,2170.41796875,1760.104248046875,50.98039245605469,34,42,46,814,904,1061
1787461477,760.1,68.0,91.0,401.04,2805.0,72.0,67.00000762939453,63.250003814697266,2163.46142578125,1760.104248046875,50.98039245605469,34,42,46,817,906,1063
1787461479,761.6,68.0,94.0,398.08,2797.0,72.0,67.00000762939453,63.250003814697266,2163.46142578125,1760.104248046875,50.98039245605469,34,42,46,820,910,1060
1787461480,763.1,69.0,95.0,411.34,2797.0,72.0,65.87500762939453,64.125,2163.46142578125,1760.104248046875,50.98039245605469,34,42,46,820,904,1058
1787461482,764.6,68.0,95.0,414.72,2805.0,72.0,65.87500762939453,64.125,2163.46142578125,1760.104248046875,50.98039245605469,34,42,46,818,904,1061
1787461483,766.1,69.0,94.0,424.75,2797.0,72.0,62.87500762939453,57.750003814697266,2163.46142578125,1760.104248046875,50.98039245605469,34,42,46,821,906,1060
1787461485,767.6,69.0,96.0,426.55,2805.0,72.0,62.87500762939453,57.750003814697266,2163.46142578125,1760.104248046875,50.98039245605469,34,42,46,821,903,1061
1787461486,769.1,69.0,96.0,432.25,2797.0,72.0,61.75000762939453,57.250003814697266,2160.0,1744.18603515625,50.98039245605469,34,42,46,820,904,1058
1787461488,770.6,69.0,95.0,440.65,2797.0,72.0,61.12500762939453,58.125003814697266,2163.46142578125,1744.18603515625,50.98039245605469,34,42,46,817,907,1060
1787461489,772.1,69.0,95.0,420.03,2797.0,72.0,61.50000762939453,64.625,2163.46142578125,1762.402099609375,50.98039245605469,34,42,46,814,907,1063
1787461491,773.6,69.0,94.0,413.19,2797.0,72.0,62.50000762939453,57.750003814697266,2166.93408203125,1739.690673828125,50.98039245605469,34,42,46,817,907,1061
1787461492,775.1,69.0,93.0,415.85,2797.0,72.0,61.50000762939453,60.000003814697266,2163.46142578125,1762.402099609375,50.98039245605469,34,42,46,818,909,1063
1787461494,776.6,69.0,96.0,421.31,2797.0,72.0,61.25000762939453,63.625003814697266,2170.41796875,1781.002685546875,50.98039245605469,34,42,46,823,904,1060
1787461495,778.1,69.0,96.0,419.8,2797.0,72.0,61.62500762939453,64.125,2177.41943359375,1760.104248046875,50.98039245605469,34,42,46,816,904,1058
1787461497,779.6,70.0,93.0,425.3,2797.0,72.0,62.00000762939453,55.375003814697266,2170.41796875,1778.6561279296875,50.98039245605469,34,42,46,818,907,1063
1787461498,781.1,69.0,96.0,425.56,2797.0,74.0,60.87500762939453,56.750003814697266,2170.41796875,1744.18603515625,50.98039245605469,34,42,46,819,904,1063
1787461500,782.6,69.0,96.0,413.41,2805.0,72.0,60.62500762939453,62.000003814697266,2156.549560546875,1760.104248046875,50.98039245605469,34,42,46,819,910,1058
1787461501,784.1,69.0,94.0,412.35,2805.0,72.0,62.75000762939453,62.750003814697266,2156.549560546875,1760.104248046875,50.98039245605469,34,42,46,820,907,1060
1787461503,785.6,69.0,94.0,412.92,2805.0,72.0,65.12500762939453,64.875,2163.46142578125,1741.9354248046875,50.98039245605469,34,42,46,818,906,1065
1787461504,787.1,70.0,94.0,426.24,2797.0,74.0,64.87500762939453,56.750003814697266,2163.46142578125,1778.6561279296875,50.98039245605469,34,42,46,821,903,1063
1787461506,788.6,70.0,95.0,431.61,2797.0,74.0,63.75000762939453,56.750003814697266,2170.41796875,1778.6561279296875,50.98039245605469,34,42,46,819,913,1067
1787461507,790.1,70.0,96.0,438.15,2797.0,74.0,62.62500762939453,54.125003814697266,2166.93408203125,1757.8125,50.98039245605469,34,42,46,818,910,1061
1787461509,791.6,71.0,96.0,449.86,2790.0,74.0,62.25000762939453,54.500003814697266,2163.46142578125,1778.6561279296875,50.98039245605469,34,42,46,820,910,1069
1787461510,793.1,71.0,96.0,458.22,2790.0,74.0,61.12500762939453,53.625003814697266,2163.46142578125,1739.690673828125,50.98039245605469,39,42,46,845,909,1069
1787461512,794.6,70.0,97.0,456.72,2797.0,74.0,60.75000762939453,56.750003814697266,2170.41796875,1762.402099609375,50.98039245605469,39,42,51,906,906,1125
1787461513,796.1,71.0,98.0,444.91,2797.0,74.0,62.87500762939453,61.875003814697266,2163.46142578125,1762.402099609375,50.98039245605469,39,42,51,924,906,1151
1787461515,797.6,71.0,96.0,443.09,2797.0,74.0,63.87500762939453,63.000003814697266,2163.46142578125,1735.218505859375,50.98039245605469,39,42,51,928,907,1158
1787461516,799.1,70.0,94.0,449.99,2790.0,74.0,63.12500762939453,55.875003814697266,2160.0,1757.8125,50.98039245605469,39,47,51,923,956,1151
1787461518,800.6,70.0,96.0,437.96,2790.0,74.0,62.25000762939453,54.125003814697266,2170.41796875,1776.3157958984375,50.98039245605469,39,47,51,936,981,1153
1787461519,802.1,71.0,98.0,440.98,2797.0,74.0,62.62500762939453,69.125,2156.549560546875,1762.402099609375,50.98039245605469,39,47,51,934,996,1149
1787461521,803.6,70.0,95.0,444.69,2790.0,74.0,62.62500762939453,60.125003814697266,2163.46142578125,1776.3157958984375,50.98039245605469,39,47,51,938,995,1151
1787461522,805.1,71.0,97.0,453.88,2790.0,74.0,62.00000762939453,60.875003814697266,2156.549560546875,1757.8125,50.98039245605469,39,47,51,938,1001,1156
1787461524,806.6,71.0,97.0,454.79,2790.0,74.0,61.75000762939453,58.875003814697266,2163.46142578125,1760.104248046875,50.98039245605469,39,47,51,936,1001,1151
1787461525,808.1,71.0,97.0,451.88,2790.0,74.0,61.50000762939453,59.125003814697266,2163.46142578125,1757.8125,50.98039245605469,39,47,51,936,1001,1158
1787461527,809.6,71.0,95.0,453.33,2790.0,74.0,61.25000762939453,58.125003814697266,2156.549560546875,1762.402099609375,50.98039245605469,39,47,51,937,1001,1156
1787461528,811.1,71.0,97.0,456.47,2790.0,74.0,61.25000762939453,58.125003814697266,2156.549560546875,1762.402099609375,50.98039245605469,39,47,51,936,1003,1151
1787461530,812.6,71.0,97.0,454.89,2790.0,74.0,61.00000762939453,60.125003814697266,2163.46142578125,1760.104248046875,50.98039245605469,39,47,51,934,1000,1156
1787461531,814.1,71.0,97.0,449.95,2790.0,74.0,61.00000762939453,60.125003814697266,2163.46142578125,1760.104248046875,50.98039245605469,39,47,51,934,1000,1149
1787461533,815.6,71.0,97.0,450.83,2790.0,74.0,60.75000762939453,59.625003814697266,2163.46142578125,1778.6561279296875,50.98039245605469,39,47,51,940,993,1151
1787461534,817.1,71.0,97.0,451.05,2790.0,74.0,60.75000762939453,59.625003814697266,2163.46142578125,1778.6561279296875,50.98039245605469,39,47,51,930,1003,1156
1787461536,818.6,71.0,96.0,451.97,2790.0,74.0,60.50000762939453,58.250003814697266,2156.549560546875,1764.7059326171875,50.98039245605469,39,47,51,931,998,1149
1787461537,820.1,71.0,95.0,452.17,2790.0,74.0,60.50000762939453,58.250003814697266,2156.549560546875,1764.7059326171875,50.98039245605469,39,47,51,936,1003,1158
1787461539,821.6,65.0,6.0,397.56,2820.0,74.0,62.12500762939453,57.750003814697266,2170.41796875,1755.526611328125,50.98039245605469,39,47,51,937,1003,1153
1787461540,823.1,71.0,94.0,446.77,2797.0,74.0,62.12500762939453,57.750003814697266,2170.41796875,1755.526611328125,50.98039245605469,39,47,51,934,1001,1151
1787461542,824.6,72.0,95.0,456.1,2782.0,74.0,61.50000762939453,60.000003814697266,2163.46142578125,1755.526611328125,50.98039245605469,39,47,51,934,1003,1156
1787461543,826.1,72.0,95.0,454.92,2790.0,74.0,61.25000762939453,57.375003814697266,2163.46142578125,1760.104248046875,50.98039245605469,39,47,51,933,1005,1153
1787461545,827.6,71.0,96.0,459.34,2790.0,74.0,61.00000762939453,59.875003814697266,2163.46142578125,1741.9354248046875,50.98039245605469,39,47,51,934,1003,1153
1787461546,829.1,71.0,93.0,458.81,2782.0,74.0,60.75000762939453,58.250003814697266,2163.46142578125,1757.8125,50.98039245605469,39,47,51,933,1000,1156
1787461548,830.6,72.0,96.0,461.12,2790.0,74.0,61.00000762939453,55.000003814697266,2156.549560546875,1757.8125,50.98039245605469,39,47,51,937,1006,1151
1787461549,832.1,71.0,96.0,449.36,2790.0,76.0,61.00000762939453,62.625003814697266,2166.93408203125,1760.104248046875,50.98039245605469,39,47,51,937,1001,1156
1787461551,833.6,71.0,92.0,437.69,2797.0,74.0,61.87500762939453,63.250003814697266,2163.46142578125,1760.104248046875,50.98039245605469,39,47,51,934,995,1153
1787461552,835.1,71.0,94.0,430.07,2797.0,74.0,61.75000762939453,62.250003814697266,2170.41796875,1762.402099609375,50.98039245605469,39,47,51,934,1000,1149
1787461554,836.6,71.0,96.0,428.52,2797.0,74.0,61.12500762939453,58.625003814697266,2160.0,1762.402099609375,50.98039245605469,39,47,51,934,1003,1153
1787461555,838.1,71.0,95.0,429.71,2790.0,76.0,60.87500762939453,59.500003814697266,2163.46142578125,1757.8125,50.98039245605469,39,47,51,936,998,1153
1787461557,839.6,71.0,97.0,426.77,2805.0,76.0,61.00000762939453,55.375003814697266,2170.41796875,1757.8125,50.98039245605469,39,47,51,933,1005,1147
1787461558,841.1,71.0,97.0,434.51,2790.0,76.0,61.25000762939453,56.750003814697266,2163.46142578125,1760.104248046875,50.98039245605469,39,47,56,941,1000,1214
1787461560,842.6,71.0,97.0,437.21,2790.0,76.0,60.75000762939453,56.875003814697266,2163.46142578125,1755.526611328125,50.98039245605469,39,47,56,933,1000,1226
1787461561,844.1,71.0,93.0,416.52,2797.0,74.0,61.12500762939453,61.750003814697266,2156.549560546875,1762.402099609375,50.98039245605469,39,47,56,934,996,1237
1787461563,845.6,70.0,96.0,402.48,2797.0,76.0,61.62500762939453,59.500003814697266,2163.46142578125,1762.402099609375,50.98039245605469,39,47,56,933,1001,1234
1787461564,847.1,71.0,95.0,420.0,2797.0,74.0,62.50000762939453,62.250003814697266,2166.93408203125,1773.9815673828125,50.98039245605469,39,47,56,941,1003,1229
1787461566,848.6,71.0,95.0,431.17,2797.0,74.0,62.87500762939453,66.0,2170.41796875,1744.18603515625,50.98039245605469,39,47,56,934,1000,1237
1787461567,850.1,71.0,96.0,430.76,2797.0,76.0,62.87500762939453,61.375003814697266,2163.46142578125,1757.8125,50.98039245605469,39,47,56,938,1008,1242
1787461569,851.6,71.0,92.0,425.04,2797.0,76.0,62.50000762939453,59.250003814697266,2156.549560546875,1783.3553466796875,50.98039245605469,39,47,56,936,1001,1234
1787461570,853.1,71.0,97.0,422.49,2797.0,74.0,62.50000762939453,66.875,2160.0,1746.4423828125,50.98039245605469,39,47,56,934,998,1237
1787461572,854.6,71.0,95.0,426.4,2797.0,74.0,62.00000762939453,55.625003814697266,2170.41796875,1781.002685546875,50.98039245605469,39,47,56,930,1003,1232
1787461573,856.1,71.0,97.0,425.63,2797.0,76.0,62.25000762939453,59.375003814697266,2156.549560546875,1757.8125,50.98039245605469,39,47,56,928,1001,1234
1787461575,857.6,71.0,93.0,423.34,2797.0,76.0,62.12500762939453,60.000003814697266,2163.46142578125,1741.9354248046875,50.98039245605469,39,47,56,934,998,1234
1787461576,859.1,71.0,97.0,424.68,2797.0,76.0,62.50000762939453,60.000003814697266,2160.0,1778.6561279296875,50.98039245605469,39,47,56,934,1003,1229
1787461578,860.6,71.0,96.0,413.72,2797.0,74.0,62.62500762939453,60.500003814697266,2160.0,1746.4423828125,50.98039245605469,39,47,56,936,1001,1237
1787461579,862.1,71.0,97.0,418.8,2797.0,74.0,65.12500762939453,63.875003814697266,2170.41796875,1760.104248046875,50.98039245605469,39,47,56,934,1000,1237
1787461581,863.6,71.0,96.0,423.86,2797.0,74.0,64.37500762939453,57.750003814697266,2170.41796875,1771.653564453125,50.98039245605469,39,47,56,931,1000,1229
1787461582,865.1,71.0,97.0,427.26,2797.0,76.0,63.75000762939453,57.750003814697266,2156.549560546875,1744.18603515625,50.98039245605469,39,47,56,936,996,1237
1787461584,866.6,71.0,96.0,425.7,2797.0,76.0,63.75000762939453,57.750003814697266,2156.549560546875,1744.18603515625,50.98039245605469,39,52,56,937,1050,1232
1787461585,868.1,70.0,97.0,368.98,2797.0,76.0,63.37500762939453,64.125,2163.46142578125,1764.7059326171875,50.98039245605469,39,52,56,934,1075,1232
1787461587,869.6,71.0,94.0,432.25,2797.0,76.0,63.37500762939453,64.125,2163.46142578125,1764.7059326171875,50.98039245605469,39,52,56,937,1086,1237
1787461588,871.1,71.0,95.0,430.8,2790.0,76.0,61.87500762939453,57.750003814697266,2163.46142578125,1776.3157958984375,50.98039245605469,39,52,56,934,1090,1229
1787461590,872.6,70.0,93.0,420.07,2797.0,76.0,61.87500762939453,57.750003814697266,2163.46142578125,1776.3157958984375,50.98039245605469,39,52,56,937,1090,1232
1787461591,874.1,71.0,95.0,414.18,2797.0,74.0,60.87500762939453,53.125003814697266,2160.0,1760.104248046875,50.98039245605469,39,52,56,937,1086,1234
1787461593,875.6,71.0,94.0,420.39,2805.0,74.0,60.87500762939453,53.125003814697266,2160.0,1760.104248046875,50.98039245605469,39,52,56,933,1086,1229
1787461594,877.1,71.0,95.0,430.83,2797.0,74.0,60.50000762939453,57.250003814697266,2163.46142578125,1739.690673828125,50.98039245605469,39,52,56,937,1083,1237
1787461596,878.6,71.0,94.0,431.32,2797.0,74.0,60.50000762939453,57.250003814697266,2163.46142578125,1739.690673828125,50.98039245605469,39,52,56,937,1088,1237
1787461597,880.1,71.0,93.0,432.88,2790.0,76.0,60.75000762939453,56.875003814697266,2170.41796875,1778.6561279296875,50.98039245605469,39,52,56,933,1086,1229
1787461599,881.6,71.0,97.0,423.86,2797.0,76.0,60.62500762939453,58.625003814697266,2163.46142578125,1762.402099609375,50.98039245605469,44,52,56,1016,1092,1237
1787461600,883.1,71.0,96.0,426.93,2797.0,76.0,61.37500762939453,57.750003814697266,2163.46142578125,1776.3157958984375,50.98039245605469,44,52,56,1036,1092,1232
1787461602,884.6,71.0,92.0,428.36,2797.0,76.0,61.00000762939453,58.375003814697266,2163.46142578125,1764.7059326171875,50.98039245605469,44,52,56,1043,1088,1234
1787461603,886.1,71.0,95.0,424.55,2797.0,74.0,61.12500762939453,60.125003814697266,2170.41796875,1746.4423828125,50.98039245605469,44,52,56,1045,1084,1239
1787461605,887.6,71.0,94.0,424.45,2797.0,76.0,61.75000762939453,64.5,2163.46142578125,1757.8125,50.98039245605469,44,52,56,1048,1090,1239
1787461606,889.1,72.0,97.0,445.63,2790.0,74.0,62.62500762939453,58.625003814697266,2160.0,1760.104248046875,50.98039245605469,44,52,56,1043,1096,1242
1787461608,890.6,71.0,94.0,441.92,2790.0,74.0,63.75000762939453,63.500003814697266,2163.46142578125,1776.3157958984375,50.98039245605469,44,52,56,1043,1088,1237
1787461609,892.1,71.0,94.0,438.88,2790.0,74.0,63.12500762939453,58.625003814697266,2163.46142578125,1741.9354248046875,50.98039245605469,44,52,56,1047,1086,1239
1787461611,893.6,72.0,97.0,441.04,2790.0,74.0,63.12500762939453,62.250003814697266,2163.46142578125,1757.8125,50.98039245605469,44,52,56,1050,1090,1239
1787461612,895.1,72.0,95.0,455.18,2782.0,74.0,63.12500762939453,62.000003814697266,2166.93408203125,1737.4517822265625,50.98039245605469,44,52,56,1041,1090,1237
1787461614,896.6,71.0,94.0,449.38,2790.0,74.0,63.00000762939453,61.875003814697266,2163.46142578125,1760.104248046875,50.98039245605469,44,52,56,1050,1090,1242
1787461615,898.1,71.0,97.0,437.56,2790.0,74.0,63.00000762939453,65.375,2170.41796875,1781.002685546875,50.98039245605469,44,52,56,1041,1088,1237
1787461617,899.6,71.0,95.0,428.43,2797.0,76.0,62.50000762939453,60.875003814697266,2163.46142578125,1737.4517822265625,50.98039245605469,44,52,56,1047,1088,1239
1787461618,901.1,71.0,97.0,442.79,2790.0,74.0,62.62500762939453,63.500003814697266,2163.46142578125,1778.6561279296875,50.98039245605469,44,52,56,1047,1090,1234
1787461620,902.6,71.0,95.0,448.32,2805.0,76.0,62.87500762939453,65.5,2156.549560546875,1762.402099609375,50.98039245605469,44,52,56,1045,1094,1244
1787461621,904.1,72.0,96.0,452.35,2790.0,76.0,66.87500762939453,66.0,2163.46142578125,1739.690673828125,50.98039245605469,44,52,56,1043,1096,1237
1787461623,905.6,71.0,97.0,457.46,2782.0,76.0,66.87500762939453,62.750003814697266,2166.93408203125,1764.7059326171875,50.98039245605469,44,52,56,1045,1092,1242
1787461624,907.1,71.0,95.0,454.0,2782.0,76.0,68.87500762939453,70.5,2163.46142578125,1776.3157958984375,50.98039245605469,44,52,56,1047,1083,1242
1787461626,908.6,72.0,93.0,455.53,2790.0,76.0,67.62500762939453,56.375003814697266,2160.0,1764.7059326171875,50.98039245605469,44,52,56,1048,1086,1237
1787461627,910.1,72.0,96.0,455.89,2790.0,76.0,65.62500762939453,57.500003814697266,2163.46142578125,1778.6561279296875,50.98039245605469,44,52,56,1047,1088,1242
1787461629,911.6,71.0,93.0,440.53,2797.0,76.0,64.62500762939453,60.000003814697266,2166.93408203125,1764.7059326171875,50.98039245605469,44,52,56,1047,1086,1239
1787461630,913.1,71.0,95.0,437.58,2790.0,74.0,63.75000762939453,58.375003814697266,2170.41796875,1746.4423828125,50.98039245605469,44,52,56,1048,1090,1242
1787461632,914.6,72.0,96.0,449.6,2790.0,76.0,63.12500762939453,58.000003814697266,2163.46142578125,1781.002685546875,50.98039245605469,44,52,56,1045,1090,1239
1787461633,916.1,72.0,94.0,456.36,2790.0,76.0,62.87500762939453,57.750003814697266,2160.0,1746.4423828125,50.98039245605469,44,52,56,1043,1088,1244
1787461635,917.6,72.0,98.0,465.55,2790.0,76.0,62.62500762939453,61.875003814697266,2166.93408203125,1760.104248046875,50.98039245605469,44,52,56,1047,1086,1239
1787461636,919.1,72.0,97.0,457.91,2790.0,76.0,63.12500762939453,66.0,2163.46142578125,1781.002685546875,50.98039245605469,44,52,56,1045,1088,1242
1787461638,920.6,72.0,94.0,461.71,2790.0,76.0,63.62500762939453,60.500003814697266,2163.46142578125,1750.9727783203125,50.98039245605469,44,52,56,1043,1092,1237
1787461639,922.1,72.0,97.0,468.26,2767.0,76.0,63.62500762939453,60.500003814697266,2163.46142578125,1750.9727783203125,50.98039245605469,44,52,56,1043,1092,1237
1787461641,923.6,72.0,95.0,466.66,2775.0,76.0,62.87500762939453,59.500003814697266,2163.46142578125,1762.402099609375,50.98039245605469,44,52,56,1048,1083,1242
1787461642,925.1,72.0,92.0,463.02,2782.0,76.0,62.87500762939453,59.500003814697266,2163.46142578125,1762.402099609375,50.98039245605469,44,52,56,1045,1086,1237
1787461644,926.6,72.0,96.0,470.47,2775.0,76.0,62.12500762939453,56.750003814697266,2163.46142578125,1757.8125,50.98039245605469,44,52,56,1050,1090,1242
1787461645,928.1,72.0,95.0,465.34,2775.0,76.0,62.12500762939453,56.750003814697266,2163.46142578125,1757.8125,50.98039245605469,44,52,56,1048,1090,1239
1787461647,929.6,72.0,95.0,473.91,2775.0,76.0,63.37500762939453,60.125003814697266,2163.46142578125,1760.104248046875,50.98039245605469,44,52,56,1048,1086,1244
1787461648,931.1,72.0,97.0,467.28,2782.0,76.0,63.37500762939453,60.125003814697266,2163.46142578125,1760.104248046875,50.98039245605469,44,52,56,1047,1092,1239
1787461650,932.6,72.0,97.0,466.84,2767.0,76.0,64.00000762939453,62.250003814697266,2160.0,1778.6561279296875,50.98039245605469,44,52,56,1047,1096,1242
1787461651,934.1,73.0,97.0,469.92,2775.0,76.0,63.37500762939453,57.750003814697266,2163.46142578125,1760.104248046875,50.98039245605469,44,52,56,1045,1086,1239
1787461653,935.6,72.0,96.0,467.81,2775.0,76.0,62.75000762939453,62.625003814697266,2163.46142578125,1776.3157958984375,50.98039245605469,44,52,56,1050,1092,1244
1787461654,937.1,72.0,91.0,465.73,2782.0,76.0,62.50000762939453,58.125003814697266,2163.46142578125,1762.402099609375,50.98039245605469,44,52,56,1048,1094,1242
1787461656,938.6,71.0,90.0,438.44,2797.0,76.0,62.00000762939453,59.625003814697266,2163.46142578125,1748.7047119140625,50.98039245605469,44,52,56,1045,1090,1237
1787461657,940.1,72.0,98.0,472.89,2767.0,76.0,63.12500762939453,59.375003814697266,2163.46142578125,1757.8125,50.98039245605469,44,52,56,1047,1096,1244
1787461659,941.6,73.0,97.0,475.19,2767.0,76.0,62.62500762939453,59.625003814697266,2156.549560546875,1744.18603515625,50.98039245605469,44,52,56,1041,1092,1239
1787461660,943.1,72.0,96.0,476.06,2767.0,76.0,63.00000762939453,58.125003814697266,2160.0,1746.4423828125,50.98039245605469,44,52,56,1054,1092,1242
1787461662,944.6,72.0,97.0,477.4,2767.0,76.0,62.75000762939453,60.750003814697266,2163.46142578125,1773.9815673828125,50.98039245605469,44,52,56,1043,1086,1242
1787461663,946.1,72.0,97.0,475.48,2767.0,76.0,62.50000762939453,56.500003814697266,2163.46142578125,1762.402099609375,50.98039245605469,44,52,56,1043,1090,1247
1787461665,947.6,73.0,96.0,476.17,2767.0,76.0,62.50000762939453,69.625,2163.46142578125,1762.402099609375,50.98039245605469,44,52,61,1045,1092,1293
1787461666,949.1,73.0,97.0,479.16,2767.0,76.0,62.87500762939453,59.500003814697266,2170.41796875,1760.104248046875,50.98039245605469,44,52,61,1050,1092,1333
1787461668,950.6,73.0,98.0,477.17,2767.0,76.0,63.00000762939453,59.500003814697266,2170.41796875,1739.690673828125,50.98039245605469,44,52,61,1047,1086,1327
1787461669,952.1,73.0,96.0,477.44,2767.0,76.0,62.87500762939453,66.75,2160.0,1757.8125,50.98039245605469,44,52,61,1039,1086,1327
1787461671,953.6,73.0,97.0,477.8,2767.0,76.0,62.75000762939453,59.250003814697266,2166.93408203125,1776.3157958984375,50.98039245605469,44,52,61,1045,1084,1336
1787461672,955.1,73.0,93.0,475.42,2767.0,76.0,62.75000762939453,60.125003814697266,2170.41796875,1746.4423828125,50.98039245605469,44,52,61,1048,1086,1333
1787461674,956.6,73.0,96.0,477.56,2767.0,76.0,63.00000762939453,59.625003814697266,2170.41796875,1776.3157958984375,50.98039245605469,44,52,61,1043,1094,1339
1787461675,958.1,72.0,97.0,475.37,2767.0,76.0,62.75000762939453,62.500003814697266,2166.93408203125,1762.402099609375,50.98039245605469,44,52,61,1045,1094,1333
1787461677,959.6,73.0,98.0,476.85,2767.0,76.0,63.00000762939453,59.125003814697266,2170.41796875,1741.9354248046875,50.98039245605469,44,52,61,1047,1086,1333
1787461678,961.1,73.0,95.0,475.43,2767.0,76.0,65.87500762939453,57.750003814697266,2156.549560546875,1760.104248046875,50.98039245605469,44,52,61,1045,1092,1336
1787461680,962.6,73.0,97.0,476.37,2767.0,76.0,64.62500762939453,60.000003814697266,2170.41796875,1739.690673828125,50.98039245605469,44,52,61,1047,1090,1333
1787461681,964.1,73.0,96.0,473.32,2767.0,76.0,64.00000762939453,59.125003814697266,2153.110107421875,1746.4423828125,50.98039245605469,44,52,61,1047,1090,1339
1787461683,965.6,73.0,98.0,476.53,2767.0,76.0,63.25000762939453,65.875,2166.93408203125,1776.3157958984375,50.98039245605469,44,52,61,1043,1092,1336
1787461684,967.1,73.0,96.0,478.0,2767.0,76.0,62.75000762939453,59.500003814697266,2163.46142578125,1757.8125,50.98039245605469,44,52,61,1047,1090,1330
1787461686,968.6,72.0,96.0,480.15,2767.0,76.0,62.62500762939453,65.0,2160.0,1735.218505859375,50.98039245605469,44,57,61,1043,1121,1333
1787461687,970.1,73.0,98.0,477.77,2767.0,76.0,62.50000762939453,60.625003814697266,2160.0,1760.104248046875,50.98039245605469,44,57,61,1047,1160,1330
1787461689,971.6,73.0,97.0,478.39,2767.0,76.0,62.37500762939453,59.500003814697266,2166.93408203125,1781.002685546875,50.98039245605469,44,57,61,1052,1178,1336
1787461690,973.1,73.0,94.0,477.4,2767.0,76.0,63.00000762939453,62.250003814697266,2163.46142578125,1746.4423828125,50.98039245605469,44,57,61,1048,1188,1330
1787461692,974.6,73.0,96.0,477.95,2767.0,76.0,62.75000762939453,60.375003814697266,2170.41796875,1778.6561279296875,50.98039245605469,44,57,61,1045,1192,1324
1787461693,976.1,73.0,96.0,475.76,2767.0,76.0,62.62500762939453,57.375003814697266,2160.0,1762.402099609375,50.98039245605469,44,57,61,1045,1185,1336
1787461695,977.6,73.0,97.0,478.03,2767.0,76.0,62.37500762939453,59.500003814697266,2160.0,1760.104248046875,50.98039245605469,44,57,61,1052,1185,1327
1787461696,979.1,73.0,96.0,471.04,2775.0,76.0,63.00000762939453,60.750003814697266,2163.46142578125,1778.6561279296875,50.98039245605469,44,57,61,1047,1192,1330
1787461698,980.6,73.0,95.0,473.59,2767.0,76.0,63.00000762939453,60.750003814697266,2163.46142578125,1778.6561279296875,50.98039245605469,44,57,61,1052,1185,1324
1787461699,982.1,73.0,98.0,478.0,2775.0,76.0,64.37500762939453,63.000003814697266,2166.93408203125,1744.18603515625,50.98039245605469,44,57,61,1047,1183,1336
1787461701,983.6,73.0,94.0,408.8,2775.0,76.0,64.37500762939453,63.000003814697266,2166.93408203125,1744.18603515625,50.98039245605469,44,57,61,1054,1185,1330
1787461702,985.1,73.0,94.0,466.23,2775.0,76.0,63.62500762939453,58.625003814697266,2153.110107421875,1762.402099609375,50.98039245605469,44,57,61,1039,1190,1330
1787461704,986.6,73.0,95.0,468.57,2767.0,76.0,63.62500762939453,58.625003814697266,2153.110107421875,1762.402099609375,50.98039245605469,49,57,61,1069,1185,1333
1787461705,988.1,73.0,95.0,467.49,2767.0,76.0,62.75000762939453,59.250003814697266,2170.41796875,1773.9815673828125,50.98039245605469,49,57,61,1136,1188,1327
1787461707,989.6,73.0,95.0,464.51,2775.0,76.0,62.50000762939453,58.125003814697266,2163.46142578125,1778.6561279296875,50.98039245605469,49,57,61,1151,1185,1339
1787461708,991.1,73.0,96.0,464.85,2775.0,76.0,62.25000762939453,58.125003814697266,2173.9130859375,1744.18603515625,50.98039245605469,49,57,61,1151,1190,1333
1787461710,992.6,73.0,96.0,465.22,2775.0,76.0,62.62500762939453,62.625003814697266,2166.93408203125,1760.104248046875,50.98039245605469,49,57,61,1158,1178,1333
1787461711,994.1,73.0,95.0,462.49,2782.0,76.0,63.25000762939453,58.125003814697266,2163.46142578125,1778.6561279296875,50.98039245605469,49,57,61,1153,1185,1333
1787461713,995.6,72.0,95.0,458.34,2775.0,76.0,64.00000762939453,62.000003814697266,2163.46142578125,1744.18603515625,50.98039245605469,49,57,61,1162,1185,1327
1787461714,997.1,72.0,91.0,445.46,2782.0,76.0,64.62500762939453,59.500003814697266,2163.46142578125,1760.104248046875,50.98039245605469,49,57,61,1160,1192,1333
1787461716,998.6,72.0,92.0,419.11,2790.0,76.0,64.75000762939453,61.375003814697266,2163.46142578125,1762.402099609375,50.98039245605469,49,57,61,1153,1188,1327
1787461717,1000.1,71.0,91.0,419.55,2797.0,76.0,66.50000762939453,60.500003814697266,2163.46142578125,1739.690673828125,50.98039245605469,49,57,61,1158,1188,1339
1787461719,1001.6,72.0,94.0,444.12,2790.0,76.0,65.75000762939453,63.250003814697266,2163.46142578125,1764.7059326171875,50.98039245605469,49,57,61,1153,1183,1333
1787461720,1003.1,71.0,93.0,421.69,2797.0,76.0,65.62500762939453,59.625003814697266,2166.93408203125,1760.104248046875,50.98039245605469,49,57,61,1153,1183,1333
1787461722,1004.6,72.0,94.0,423.15,2797.0,76.0,65.87500762939453,63.625003814697266,2170.41796875,1760.104248046875,50.98039245605469,49,57,61,1153,1185,1333
1787461723,1006.1,71.0,92.0,435.72,2782.0,76.0,65.50000762939453,61.625003814697266,2163.46142578125,1757.8125,50.98039245605469,49,57,61,1167,1192,1327
1787461725,1007.6,70.0,90.0,434.41,2790.0,76.0,65.00000762939453,61.375003814697266,2163.46142578125,1776.3157958984375,50.98039245605469,49,57,61,1158,1188,1336
1787461726,1009.1,71.0,97.0,426.26,2797.0,76.0,65.50000762939453,64.5,2160.0,1757.8125,50.98039245605469,49,57,61,1162,1185,1336
1787461728,1010.6,71.0,91.0,421.97,2797.0,76.0,68.12500762939453,65.375,2160.0,1760.104248046875,50.98039245605469,49,57,61,1160,1192,1330
1787461729,1012.1,71.0,96.0,435.13,2797.0,76.0,69.37500762939453,66.875,2160.0,1764.7059326171875,50.98039245605469,49,57,61,1165,1185,1333
1787461731,1013.6,72.0,92.0,447.69,2790.0,76.0,70.00000762939453,63.625003814697266,2156.549560546875,1757.8125,50.98039245605469,49,57,61,1156,1181,1330
1787461732,1015.1,72.0,85.0,438.73,2790.0,76.0,70.25000762939453,67.75,2170.41796875,1762.402099609375,50.98039245605469,49,57,61,1158,1185,1330
1787461734,1016.6,71.0,96.0,435.52,2790.0,76.0,70.12500762939453,70.5,2156.549560546875,1814.51611328125,56.86274719238281,49,57,61,1162,1185,1324
1787461735,1018.1,71.0,94.0,419.92,2790.0,76.0,69.50000762939453,64.375,2163.46142578125,1920.3414306640625,56.86274719238281,49,57,61,1162,1183,1330
1787461737,1019.6,71.0,96.0,432.14,2790.0,76.0,69.12500762939453,61.375003814697266,2170.41796875,1888.1119384765625,56.86274719238281,49,57,61,1160,1190,1324
1787461738,1021.1,71.0,93.0,433.24,2790.0,76.0,67.12500762939453,66.875,2160.0,1934.097412109375,56.86274719238281,49,57,61,1158,1190,1327
1787461740,1022.6,71.0,95.0,426.82,2797.0,76.0,67.12500762939453,62.750003814697266,2163.46142578125,1936.872314453125,56.86274719238281,49,57,61,1162,1188,1330
1787461741,1024.1,71.0,92.0,418.01,2797.0,76.0,66.12500762939453,60.875003814697266,2163.46142578125,1906.7796630859375,56.86274719238281,49,57,61,1156,1183,1324
1787461743,1025.6,71.0,92.0,426.34,2797.0,76.0,65.62500762939453,69.125,2163.46142578125,1893.4080810546875,56.86274719238281,49,57,61,1156,1192,1333
1787461744,1027.1,71.0,94.0,450.88,2782.0,76.0,65.25000762939453,61.125003814697266,2170.41796875,1893.4080810546875,56.86274719238281,49,57,61,1160,1185,1327
1787461746,1028.6,71.0,94.0,460.83,2782.0,76.0,64.50000762939453,59.250003814697266,2160.0,1934.097412109375,56.86274719238281,49,57,61,1160,1183,1333
1787461747,1030.1,71.0,96.0,462.29,2797.0,76.0,64.00000762939453,58.250003814697266,2163.46142578125,1909.4766845703125,56.86274719238281,49,57,61,1167,1188,1327
1787461749,1031.6,71.0,96.0,446.6,2797.0,76.0,64.00000762939453,60.500003814697266,2163.46142578125,1917.6136474609375,56.86274719238281,49,57,61,1160,1190,1336
1787461750,1033.1,72.0,95.0,452.52,2790.0,76.0,65.75000762939453,65.0,2166.93408203125,1885.474853515625,56.86274719238281,49,57,61,1158,1188,1336
1787461752,1034.6,71.0,93.0,442.24,2797.0,76.0,65.25000762939453,63.250003814697266,2163.46142578125,1898.734130859375,56.86274719238281,49,57,61,1156,1190,1327
1787461753,1036.1,71.0,95.0,444.69,2790.0,76.0,65.25000762939453,63.250003814697266,2163.46142578125,1898.734130859375,56.86274719238281,49,57,61,1156,1185,1333
1787461755,1037.6,72.0,96.0,450.31,2790.0,76.0,64.25000762939453,60.125003814697266,2160.0,1936.872314453125,56.86274719238281,49,57,61,1158,1185,1324
1787461756,1039.1,71.0,93.0,441.59,2790.0,76.0,64.25000762939453,60.125003814697266,2160.0,1936.872314453125,56.86274719238281,49,57,61,1160,1188,1333
1787461758,1040.6,71.0,93.0,428.75,2797.0,76.0,65.00000762939453,66.375,2163.46142578125,1939.6551513671875,56.86274719238281,49,57,61,1158,1190,1327
1787461759,1042.1,71.0,97.0,434.69,2797.0,76.0,65.50000762939453,61.375003814697266,2170.41796875,1912.1812744140625,56.86274719238281,49,57,61,1165,1192,1333
1787461761,1043.6,71.0,92.0,438.29,2790.0,76.0,67.12500762939453,67.25,2166.93408203125,1890.75634765625,56.86274719238281,49,57,61,1153,1190,1327
1787461762,1045.1,71.0,95.0,430.59,2797.0,74.0,67.50000762939453,66.375,2166.93408203125,1882.84521484375,56.86274719238281,49,57,61,1162,1190,1330
1787461764,1046.6,71.0,94.0,442.72,2797.0,76.0,66.37500762939453,59.500003814697266,2160.0,1914.8936767578125,56.86274719238281,49,57,61,1162,1188,1324
1787461765,1048.1,71.0,91.0,443.33,2790.0,76.0,65.37500762939453,59.500003814697266,2163.46142578125,1893.4080810546875,56.86274719238281,49,57,61,1165,1185,1330
1787461767,1049.6,71.0,95.0,448.94,2797.0,76.0,65.00000762939453,64.875,2160.0,1888.1119384765625,56.86274719238281,49,57,61,1158,1188,1330
1787461768,1051.1,71.0,94.0,448.02,2797.0,76.0,64.75000762939453,60.875003814697266,2170.41796875,1914.8936767578125,56.86274719238281,49,57,61,1156,1190,1327
1787461770,1052.6,71.0,95.0,438.64,2797.0,74.0,65.50000762939453,69.125,2163.46142578125,1928.5714111328125,56.86274719238281,49,57,61,1156,1188,1333
1787461771,1054.1,71.0,94.0,446.58,2797.0,76.0,65.50000762939453,63.250003814697266,2170.41796875,1936.872314453125,56.86274719238281,49,57,61,1160,1190,1327
1787461773,1055.6,71.0,96.0,444.6,2790.0,74.0,65.62500762939453,60.000003814697266,2163.46142578125,1890.75634765625,56.86274719238281,49,57,61,1160,1185,1330
1787461774,1057.1,71.0,96.0,443.86,2790.0,76.0,64.87500762939453,59.625003814697266,2166.93408203125,1882.84521484375,56.86274719238281,49,57,61,1160,1183,1327
1787461776,1058.6,72.0,97.0,446.35,2790.0,76.0,65.00000762939453,58.750003814697266,2163.46142578125,1912.1812744140625,56.86274719238281,49,57,61,1160,1188,1333
1787461777,1060.1,71.0,93.0,436.61,2797.0,74.0,64.62500762939453,62.250003814697266,2156.549560546875,1917.6136474609375,56.86274719238281,49,57,61,1156,1183,1327
1787461779,1061.6,71.0,95.0,437.8,2790.0,74.0,64.25000762939453,58.750003814697266,2163.46142578125,1917.6136474609375,56.86274719238281,49,57,61,1158,1188,1330
1787461780,1063.1,71.0,92.0,442.76,2790.0,74.0,64.25000762939453,60.125003814697266,2160.0,1912.1812744140625,56.86274719238281,49,57,61,1160,1185,1333
1787461782,1064.6,72.0,94.0,452.07,2790.0,74.0,64.12500762939453,60.875003814697266,2163.46142578125,1912.1812744140625,56.86274719238281,49,57,61,1156,1185,1327
1787461783,1066.1,71.0,94.0,463.21,2775.0,74.0,63.62500762939453,60.000003814697266,2160.0,1912.1812744140625,56.86274719238281,49,57,61,1151,1192,1330
1787461785,1067.6,72.0,97.0,472.78,2767.0,76.0,63.00000762939453,58.875003814697266,2160.0,1893.4080810546875,56.86274719238281,49,57,61,1165,1185,1330
1787461786,1069.1,72.0,97.0,468.28,2775.0,76.0,62.50000762939453,56.375003814697266,2173.9130859375,1912.1812744140625,56.86274719238281,49,57,61,1156,1192,1330
1787461788,1070.6,72.0,97.0,466.6,2782.0,76.0,63.75000762939453,66.0,2163.46142578125,1914.8936767578125,56.86274719238281,49,57,61,1158,1188,1330
1787461789,1072.1,72.0,98.0,464.74,2790.0,76.0,64.00000762939453,59.375003814697266,2163.46142578125,1934.097412109375,56.86274719238281,49,57,61,1158,1190,1333
1787461791,1073.6,71.0,94.0,456.51,2797.0,74.0,63.75000762939453,61.250003814697266,2160.0,1901.408447265625,56.86274719238281,49,57,61,1158,1190,1327
1787461792,1075.1,72.0,96.0,448.2,2790.0,74.0,64.37500762939453,61.875003814697266,2153.110107421875,1914.8936767578125,56.86274719238281,49,57,61,1165,1188,1330
1787461794,1076.6,71.0,97.0,447.81,2790.0,74.0,64.00000762939453,65.0,2156.549560546875,1917.6136474609375,56.86274719238281,49,57,61,1158,1183,1333
1787461795,1078.1,71.0,90.0,444.24,2782.0,74.0,64.62500762939453,63.625003814697266,2156.549560546875,1917.6136474609375,56.86274719238281,49,57,61,1162,1188,1330
1787461797,1079.6,71.0,96.0,446.52,2782.0,76.0,65.00000762939453,64.625,2153.110107421875,1914.8936767578125,56.86274719238281,49,57,61,1153,1188,1333
1787461798,1081.1,71.0,94.0,446.53,2790.0,74.0,64.37500762939453,63.625003814697266,2166.93408203125,1939.6551513671875,56.86274719238281,49,57,61,1162,1188,1324
1787461800,1082.6,71.0,97.0,450.39,2782.0,74.0,64.25000762939453,64.5,2160.0,1893.4080810546875,56.86274719238281,49,57,61,1158,1183,1333
1787461801,1084.1,71.0,92.0,442.46,2790.0,74.0,64.50000762939453,65.375,2170.41796875,1893.4080810546875,56.86274719238281,49,57,61,1151,1188,1330
1787461803,1085.6,71.0,93.0,444.71,2790.0,74.0,64.87500762939453,58.250003814697266,2163.46142578125,1912.1812744140625,56.86274719238281,49,57,61,1158,1188,1333
1787461804,1087.1,71.0,95.0,444.06,2790.0,74.0,64.75000762939453,62.000003814697266,2163.46142578125,1914.8936767578125,56.86274719238281,49,57,61,1158,1190,1324
1787461806,1088.6,71.0,95.0,438.4,2790.0,74.0,64.75000762939453,62.000003814697266,2163.46142578125,1914.8936767578125,56.86274719238281,49,57,61,1167,1185,1336
1787461807,1090.1,71.0,94.0,440.93,2790.0,74.0,63.62500762939453,58.625003814697266,2160.0,1898.734130859375,56.86274719238281,49,57,61,1158,1188,1336
1787461809,1091.6,71.0,94.0,451.17,2797.0,74.0,63.62500762939453,58.625003814697266,2160.0,1898.734130859375,56.86274719238281,49,57,61,1160,1183,1327
1787461810,1093.1,71.0,95.0,440.29,2790.0,74.0,64.12500762939453,59.500003814697266,2170.41796875,1909.4766845703125,56.86274719238281,49,57,61,1162,1188,1330
1787461812,1094.6,71.0,96.0,446.6,2782.0,74.0,64.12500762939453,59.500003814697266,2170.41796875,1909.4766845703125,56.86274719238281,49,57,61,1160,1195,1327
1787461813,1096.1,71.0,94.0,450.96,2790.0,74.0,64.00000762939453,64.625,2166.93408203125,1914.8936767578125,56.86274719238281,49,57,61,1160,1190,1333
1787461815,1097.6,71.0,97.0,454.03,2790.0,74.0,65.50000762939453,65.5,2160.0,1893.4080810546875,56.86274719238281,49,57,61,1162,1188,1324
1787461816,1099.1,71.0,95.0,455.71,2790.0,74.0,64.62500762939453,59.125003814697266,2163.46142578125,1888.1119384765625,56.86274719238281,49,57,61,1162,1188,1327
1787461818,1100.6,71.0,94.0,465.15,2782.0,76.0,64.25000762939453,60.875003814697266,2166.93408203125,1917.6136474609375,56.86274719238281,49,57,61,1160,1183,1327
1787461819,1102.1,72.0,94.0,445.37,2782.0,76.0,63.87500762939453,66.0,2163.46142578125,1909.4766845703125,56.86274719238281,49,57,61,1153,1188,1336
1787461821,1103.6,71.0,94.0,441.64,2782.0,74.0,64.37500762939453,62.250003814697266,2163.46142578125,1914.8936767578125,56.86274719238281,49,57,61,1158,1185,1327
1787461822,1105.1,71.0,94.0,443.93,2775.0,74.0,63.87500762939453,59.500003814697266,2170.41796875,1890.75634765625,56.86274719238281,49,57,61,1162,1185,1324
1787461824,1106.6,71.0,96.0,447.81,2775.0,74.0,63.62500762939453,60.875003814697266,2160.0,1912.1812744140625,56.86274719238281,49,57,61,1158,1190,1330
1787461825,1108.1,70.0,77.0,437.61,2782.0,74.0,63.12500762939453,60.500003814697266,2173.9130859375,1917.6136474609375,56.86274719238281,49,57,61,1153,1185,1327
1787461827,1109.6,71.0,93.0,444.03,2782.0,74.0,64.00000762939453,63.500003814697266,2163.46142578125,1931.3304443359375,56.86274719238281,49,57,61,1162,1188,1327
1787461828,1111.1,71.0,94.0,452.46,2782.0,74.0,64.00000762939453,62.250003814697266,2156.549560546875,1912.1812744140625,56.86274719238281,49,57,61,1160,1176,1330
1787461830,1112.6,71.0,93.0,448.51,2790.0,74.0,65.25000762939453,68.25,2160.0,1914.8936767578125,56.86274719238281,49,57,61,1160,1185,1333
1787461831,1114.1,71.0,95.0,445.92,2790.0,74.0,66.00000762939453,62.250003814697266,2170.41796875,1893.4080810546875,56.86274719238281,49,57,61,1153,1192,1327
1787461833,1115.6,71.0,96.0,440.8,2790.0,74.0,65.25000762939453,61.875003814697266,2160.0,1888.1119384765625,56.86274719238281,49,57,61,1169,1188,1330
1787461834,1117.1,71.0,93.0,437.83,2790.0,74.0,64.75000762939453,58.250003814697266,2160.0,1914.8936767578125,56.86274719238281,49,57,61,1156,1188,1333
1787461836,1118.6,70.0,93.0,426.32,2797.0,74.0,65.87500762939453,61.375003814697266,2160.0,1939.6551513671875,56.86274719238281,49,57,61,1160,1188,1327
1787461837,1120.1,71.0,93.0,429.61,2790.0,74.0,67.12500762939453,63.125003814697266,2160.0,1939.6551513671875,56.86274719238281,49,57,61,1156,1185,1333
1787461839,1121.6,70.0,96.0,406.92,2812.0,74.0,66.50000762939453,67.25,2163.46142578125,1925.8203125,56.86274719238281,49,57,61,1160,1183,1333
1787461840,1123.1,70.0,97.0,437.13,2790.0,74.0,66.62500762939453,66.0,2163.46142578125,1934.097412109375,56.86274719238281,49,57,61,1165,1188,1336
1787461842,1124.6,71.0,95.0,435.38,2790.0,74.0,66.50000762939453,64.125,2166.93408203125,1912.1812744140625,56.86274719238281,49,57,61,1158,1183,1330
1787461843,1126.1,70.0,96.0,434.41,2790.0,74.0,66.75000762939453,61.125003814697266,2163.46142578125,1914.8936767578125,56.86274719238281,49,57,61,1162,1183,1327
1787461845,1127.6,70.0,97.0,434.26,2790.0,74.0,66.50000762939453,63.625003814697266,2160.0,1914.8936767578125,56.86274719238281,49,57,61,1171,1190,1330
1787461846,1129.1,70.0,95.0,434.99,2790.0,74.0,66.12500762939453,63.000003814697266,2156.549560546875,1898.734130859375,56.86274719238281,49,57,61,1162,1183,1330
1787461848,1130.6,70.0,93.0,436.2,2790.0,76.0,66.00000762939453,65.5,2163.46142578125,1890.75634765625,56.86274719238281,49,57,61,1158,1185,1336
1787461849,1132.1,70.0,95.0,435.02,2790.0,74.0,66.25000762939453,64.125,2163.46142578125,1914.8936767578125,56.86274719238281,49,57,61,1165,1190,1327
1787461851,1133.6,70.0,96.0,434.86,2790.0,74.0,67.00000762939453,65.375,2160.0,1912.1812744140625,56.86274719238281,49,57,61,1162,1188,1330
1787461852,1135.1,71.0,94.0,434.98,2790.0,74.0,67.62500762939453,65.5,2170.41796875,1934.097412109375,56.86274719238281,49,57,61,1162,1190,1327
1787461854,1136.6,71.0,94.0,434.87,2790.0,74.0,67.37500762939453,62.500003814697266,2166.93408203125,1936.872314453125,56.86274719238281,49,57,61,1156,1188,1327
1787461855,1138.1,70.0,96.0,435.46,2790.0,74.0,66.87500762939453,64.125,2166.93408203125,1896.0673828125,56.86274719238281,49,57,61,1162,1190,1330
1787461857,1139.6,70.0,97.0,435.96,2790.0,74.0,66.37500762939453,63.125003814697266,2160.0,1936.872314453125,56.86274719238281,49,57,61,1165,1188,1327
1787461858,1141.1,70.0,95.0,437.86,2790.0,74.0,66.00000762939453,60.750003814697266,2163.46142578125,1914.8936767578125,56.86274719238281,49,57,61,1156,1188,1327
1787461860,1142.6,70.0,95.0,437.12,2790.0,74.0,66.37500762939453,63.250003814697266,2156.549560546875,1888.1119384765625,56.86274719238281,49,57,61,1160,1183,1324
1787461861,1144.1,66.0,54.0,422.81,2790.0,74.0,66.37500762939453,63.250003814697266,2156.549560546875,1888.1119384765625,56.86274719238281,49,57,61,1162,1185,1336
1787461863,1145.6,70.0,95.0,380.8,2790.0,74.0,67.50000762939453,63.125003814697266,2163.46142578125,1917.6136474609375,56.86274719238281,49,57,61,1160,1190,1324
1787461864,1147.1,67.0,58.0,421.3,2797.0,74.0,67.50000762939453,63.125003814697266,2163.46142578125,1917.6136474609375,56.86274719238281,49,57,61,1162,1185,1333
1787461866,1148.6,70.0,97.0,421.91,2790.0,74.0,68.87500762939453,70.625,2163.46142578125,1909.4766845703125,56.86274719238281,49,57,61,1160,1188,1330
1787461867,1150.1,70.0,97.0,383.54,2850.0,74.0,70.62500762939453,65.875,2163.46142578125,1914.8936767578125,56.86274719238281,49,57,61,1147,1185,1330
1787461869,1151.6,70.0,93.0,440.23,2797.0,74.0,69.50000762939453,61.625003814697266,2153.110107421875,1914.8936767578125,56.86274719238281,49,57,61,1160,1188,1333
1787461870,1153.1,70.0,95.0,433.53,2797.0,74.0,68.12500762939453,65.0,2163.46142578125,1909.4766845703125,56.86274719238281,49,57,61,1162,1185,1327
1787461872,1154.6,70.0,94.0,439.6,2790.0,74.0,67.25000762939453,66.875,2163.46142578125,1928.5714111328125,56.86274719238281,49,57,61,1162,1190,1330
1787461873,1156.1,71.0,96.0,444.11,2797.0,74.0,67.12500762939453,69.125,2163.46142578125,1914.8936767578125,56.86274719238281,49,57,61,1162,1183,1330
1787461875,1157.6,71.0,94.0,451.2,2797.0,74.0,66.62500762939453,63.625003814697266,2160.0,1890.75634765625,56.86274719238281,49,57,61,1162,1185,1333
1787461876,1159.1,70.0,94.0,425.95,2797.0,74.0,66.50000762939453,63.625003814697266,2160.0,1896.0673828125,56.86274719238281,49,57,61,1158,1190,1333
1787461878,1160.6,71.0,96.0,430.69,2797.0,74.0,66.37500762939453,61.875003814697266,2166.93408203125,1898.734130859375,56.86274719238281,49,57,61,1160,1188,1324
1787461879,1162.1,70.0,95.0,432.9,2790.0,74.0,66.00000762939453,63.250003814697266,2173.9130859375,1936.872314453125,56.86274719238281,49,57,61,1160,1181,1333
1787461881,1163.6,71.0,95.0,429.81,2797.0,74.0,65.62500762939453,65.0,2163.46142578125,1893.4080810546875,56.86274719238281,49,57,61,1165,1190,1327
1787461882,1165.1,70.0,93.0,434.3,2797.0,74.0,65.50000762939453,60.500003814697266,2160.0,1917.6136474609375,56.86274719238281,49,57,61,1165,1183,1333
1787461884,1166.6,70.0,96.0,435.0,2797.0,74.0,65.87500762939453,70.625,2166.93408203125,1912.1812744140625,56.86274719238281,49,57,61,1165,1185,1324
1787461885,1168.1,70.0,92.0,429.47,2790.0,74.0,65.50000762939453,61.875003814697266,2163.46142578125,1928.5714111328125,56.86274719238281,49,57,61,1165,1190,1333
1787461887,1169.6,69.0,96.0,426.36,2790.0,74.0,65.37500762939453,64.625,2166.93408203125,1928.5714111328125,56.86274719238281,49,57,61,1156,1185,1324
1787461888,1171.1,69.0,85.0,412.47,2797.0,74.0,65.50000762939453,65.75,2170.41796875,1917.6136474609375,56.86274719238281,49,57,61,1158,1188,1330
1787461890,1172.6,70.0,97.0,424.83,2790.0,74.0,65.87500762939453,64.125,2170.41796875,1906.7796630859375,56.86274719238281,49,57,61,1158,1185,1327
1787461891,1174.1,70.0,96.0,428.81,2790.0,74.0,65.37500762939453,65.5,2163.46142578125,1890.75634765625,56.86274719238281,49,57,61,1160,1188,1327
1787461893,1175.6,70.0,92.0,446.43,2790.0,74.0,64.87500762939453,59.625003814697266,2163.46142578125,1912.1812744140625,56.86274719238281,49,57,61,1165,1185,1336
1787461894,1177.1,70.0,97.0,451.2,2790.0,74.0,65.00000762939453,66.25,2170.41796875,1912.1812744140625,56.86274719238281,49,57,61,1156,1188,1327
1787461896,1178.6,71.0,96.0,448.88,2782.0,74.0,65.25000762939453,62.250003814697266,2163.46142578125,1934.097412109375,56.86274719238281,49,57,61,1158,1185,1330
1787461897,1180.1,70.0,93.0,445.06,2790.0,74.0,65.37500762939453,61.750003814697266,2160.0,1939.6551513671875,56.86274719238281,49,57,61,1158,1190,1330
1787461899,1181.6,70.0,93.0,445.46,2790.0,74.0,64.75000762939453,60.500003814697266,2173.9130859375,1925.8203125,56.86274719238281,49,57,61,1158,1192,1330
1787461900,1183.1,70.0,94.0,444.99,2790.0,74.0,64.50000762939453,58.875003814697266,2149.681640625,1917.6136474609375,56.86274719238281,43,57,61,1058,1183,1324
1787461902,1184.6,71.0,94.0,452.24,2782.0,74.0,64.00000762939453,62.250003814697266,2160.0,1888.1119384765625,56.86274719238281,43,57,61,1034,1183,1330
1787461903,1186.1,70.0,95.0,439.46,2790.0,74.0,63.75000762939453,61.375003814697266,2160.0,1909.4766845703125,56.86274719238281,43,51,61,1027,1171,1327
1787461905,1187.6,69.0,91.0,416.57,2797.0,74.0,68.25000762939453,66.0,2170.41796875,1936.872314453125,56.86274719238281,43,51,61,1023,1115,1327
1787461906,1189.1,70.0,93.0,430.83,2790.0,74.0,68.75000762939453,66.375,2163.46142578125,1912.1812744140625,56.86274719238281,43,51,61,1025,1092,1336
1787461908,1190.6,70.0,95.0,448.55,2782.0,74.0,68.00000762939453,62.500003814697266,2163.46142578125,1909.4766845703125,56.86274719238281,43,51,61,1022,1081,1330
1787461909,1192.1,70.0,90.0,441.14,2797.0,74.0,67.00000762939453,60.000003814697266,2156.549560546875,1934.097412109375,56.86274719238281,43,51,61,1030,1075,1336
1787461911,1193.6,70.0,97.0,441.82,2790.0,74.0,65.87500762939453,61.375003814697266,2163.46142578125,1939.6551513671875,56.86274719238281,43,51,61,1025,1075,1330
1787461912,1195.1,71.0,95.0,449.26,2790.0,74.0,64.75000762939453,56.750003814697266,2166.93408203125,1914.8936767578125,56.86274719238281,43,51,61,1023,1071,1333
1787461914,1196.6,71.0,96.0,439.52,2797.0,74.0,64.37500762939453,59.500003814697266,2163.46142578125,1914.8936767578125,56.86274719238281,43,51,61,1025,1071,1339
1787461915,1198.1,70.0,92.0,439.81,2790.0,74.0,64.37500762939453,58.625003814697266,2160.0,1904.0902099609375,56.86274719238281,43,51,61,1027,1069,1330
1787461917,1199.6,70.0,95.0,442.86,2790.0,74.0,64.37500762939453,58.625003814697266,2160.0,1904.0902099609375,56.86274719238281,43,51,61,1022,1071,1336
1787461918,1201.1,71.0,96.0,443.24,2790.0,74.0,63.50000762939453,60.125003814697266,2156.549560546875,1912.1812744140625,56.86274719238281,43,51,61,1029,1077,1336
1787461920,1202.6,71.0,94.0,461.15,2782.0,74.0,63.50000762939453,60.125003814697266,2156.549560546875,1912.1812744140625,56.86274719238281,43,51,61,1020,1073,1330
1787461921,1204.1,71.0,93.0,452.13,2790.0,74.0,65.00000762939453,65.5,2163.46142578125,1890.75634765625,56.86274719238281,43,51,61,1023,1073,1339
1787461923,1205.6,71.0,96.0,446.71,2790.0,74.0,65.00000762939453,65.5,2163.46142578125,1890.75634765625,56.86274719238281,43,51,61,1022,1075,1330
1787461924,1207.1,71.0,94.0,452.91,2790.0,74.0,64.00000762939453,58.375003814697266,2163.46142578125,1912.1812744140625,56.86274719238281,43,51,61,1029,1071,1339
1787461926,1208.6,70.0,91.0,442.81,2797.0,74.0,64.12500762939453,60.750003814697266,2170.41796875,1906.7796630859375,56.86274719238281,43,51,56,1027,1073,1265
1787461927,1210.1,71.0,97.0,447.01,2790.0,74.0,63.75000762939453,62.250003814697266,2160.0,1939.6551513671875,56.86274719238281,43,51,56,1023,1077,1247
1787461929,1211.6,70.0,94.0,442.16,2790.0,74.0,64.50000762939453,61.375003814697266,2170.41796875,1893.4080810546875,56.86274719238281,43,51,56,1025,1079,1237
1787461930,1213.1,70.0,96.0,432.0,2790.0,74.0,64.62500762939453,62.750003814697266,2163.46142578125,1893.4080810546875,56.86274719238281,43,51,56,1022,1071,1242
1787461932,1214.6,70.0,93.0,440.14,2790.0,74.0,64.12500762939453,58.750003814697266,2166.93408203125,1898.734130859375,56.86274719238281,43,51,56,1027,1073,1234
1787461933,1216.1,70.0,94.0,429.18,2797.0,74.0,64.62500762939453,66.0,2163.46142578125,1936.872314453125,56.86274719238281,43,51,56,1020,1075,1237
1787461935,1217.6,70.0,93.0,428.83,2790.0,74.0,64.75000762939453,60.875003814697266,2166.93408203125,1917.6136474609375,56.86274719238281,43,51,56,1025,1071,1234
1787461936,1219.1,70.0,93.0,423.64,2790.0,74.0,64.12500762939453,59.500003814697266,2170.41796875,1912.1812744140625,56.86274719238281,43,51,56,1027,1077,1232
1787461938,1220.6,70.0,94.0,424.1,2790.0,74.0,63.75000762939453,60.500003814697266,2170.41796875,1890.75634765625,56.86274719238281,43,51,56,1025,1081,1239
1787461939,1222.1,70.0,93.0,421.66,2790.0,74.0,64.37500762939453,64.625,2166.93408203125,1893.4080810546875,56.86274719238281,43,51,56,1025,1075,1234
1787461941,1223.6,70.0,92.0,422.32,2797.0,74.0,65.25000762939453,62.750003814697266,2156.549560546875,1909.4766845703125,56.86274719238281,43,51,56,1022,1071,1239
1787461942,1225.1,70.0,95.0,417.4,2797.0,74.0,65.12500762939453,64.125,2156.549560546875,1917.6136474609375,56.86274719238281,43,51,56,1025,1075,1239
1787461944,1226.6,70.0,97.0,423.16,2797.0,74.0,65.37500762939453,65.5,2163.46142578125,1917.6136474609375,56.86274719238281,43,51,56,1025,1073,1237
1787461945,1228.1,70.0,94.0,429.05,2790.0,74.0,65.25000762939453,65.0,2170.41796875,1917.6136474609375,56.86274719238281,43,51,56,1023,1073,1239
1787461947,1229.6,70.0,93.0,434.95,2790.0,74.0,64.62500762939453,60.875003814697266,2166.93408203125,1931.3304443359375,56.86274719238281,43,51,56,1027,1081,1237
1787461948,1231.1,71.0,96.0,445.08,2790.0,74.0,63.87500762939453,60.500003814697266,2170.41796875,1934.097412109375,56.86274719238281,43,51,56,1020,1075,1242
1787461950,1232.6,70.0,91.0,442.96,2790.0,74.0,63.62500762939453,57.250003814697266,2166.93408203125,1917.6136474609375,56.86274719238281,43,51,56,1022,1079,1234
1787461951,1234.1,70.0,96.0,441.04,2790.0,74.0,63.12500762939453,57.750003814697266,2163.46142578125,1885.474853515625,56.86274719238281,43,51,56,1023,1075,1242
1787461953,1235.6,70.0,95.0,423.77,2797.0,74.0,63.50000762939453,59.625003814697266,2156.549560546875,1888.1119384765625,56.86274719238281,43,51,56,1029,1071,1234
1787461954,1237.1,70.0,96.0,427.06,2790.0,74.0,64.00000762939453,60.625003814697266,2166.93408203125,1909.4766845703125,56.86274719238281,43,51,56,1027,1073,1234
1787461956,1238.6,71.0,96.0,437.75,2790.0,74.0,65.62500762939453,65.875,2160.0,1920.3414306640625,56.86274719238281,43,51,56,1022,1071,1242
1787461957,1240.1,71.0,96.0,442.48,2790.0,74.0,65.00000762939453,63.250003814697266,2163.46142578125,1885.474853515625,56.86274719238281,43,51,56,1029,1075,1239
1787461959,1241.6,71.0,95.0,453.06,2790.0,74.0,64.75000762939453,60.125003814697266,2160.0,1893.4080810546875,56.86274719238281,43,51,56,1025,1079,1244
1787461960,1243.1,71.0,94.0,451.98,2790.0,74.0,64.00000762939453,59.500003814697266,2160.0,1912.1812744140625,56.86274719238281,43,51,56,1023,1075,1239
1787461962,1244.6,70.0,95.0,442.17,2805.0,74.0,64.75000762939453,63.625003814697266,2173.9130859375,1939.6551513671875,56.86274719238281,43,51,56,1020,1073,1239
1787461963,1246.1,70.0,93.0,425.47,2805.0,74.0,67.12500762939453,63.000003814697266,2163.46142578125,1888.1119384765625,56.86274719238281,43,51,56,1023,1079,1239
1787461965,1247.6,71.0,95.0,439.92,2790.0,74.0,68.50000762939453,69.125,2163.46142578125,1914.8936767578125,56.86274719238281,43,51,56,1030,1069,1242
1787461966,1249.1,71.0,96.0,433.61,2790.0,74.0,67.87500762939453,60.875003814697266,2166.93408203125,1917.6136474609375,56.86274719238281,43,51,56,1018,1075,1242
1787461968,1250.6,71.0,97.0,422.97,2797.0,74.0,67.12500762939453,62.250003814697266,2163.46142578125,1909.4766845703125,56.86274719238281,43,51,56,1023,1071,1234
1787461969,1252.1,70.0,94.0,413.82,2797.0,74.0,67.12500762939453,62.250003814697266,2163.46142578125,1909.4766845703125,56.86274719238281,43,51,56,1023,1071,1242
1787461971,1253.6,70.0,93.0,419.8,2797.0,74.0,69.50000762939453,63.625003814697266,2163.46142578125,1914.8936767578125,56.86274719238281,43,51,56,1032,1077,1239
1787461972,1255.1,70.0,95.0,436.08,2790.0,74.0,69.50000762939453,63.625003814697266,2163.46142578125,1914.8936767578125,56.86274719238281,43,51,56,1023,1071,1242
1787461974,1256.6,71.0,94.0,447.23,2790.0,74.0,67.00000762939453,62.750003814697266,2163.46142578125,1936.872314453125,56.86274719238281,43,51,56,1025,1081,1242
1787461975,1258.1,71.0,93.0,431.44,2790.0,74.0,67.00000762939453,62.750003814697266,2163.46142578125,1936.872314453125,56.86274719238281,43,51,56,1022,1075,1242
1787461977,1259.6,70.0,96.0,418.91,2797.0,74.0,66.00000762939453,63.625003814697266,2156.549560546875,1931.3304443359375,56.86274719238281,43,51,56,1022,1071,1237
1787461978,1261.1,70.0,93.0,427.8,2797.0,74.0,66.00000762939453,63.625003814697266,2156.549560546875,1931.3304443359375,56.86274719238281,43,51,56,1018,1077,1244
1787461980,1262.6,71.0,96.0,439.59,2797.0,74.0,66.00000762939453,59.500003814697266,2166.93408203125,1939.6551513671875,56.86274719238281,43,51,56,1027,1075,1239
1787461981,1264.1,71.0,93.0,445.97,2790.0,74.0,65.87500762939453,65.0,2153.110107421875,1934.097412109375,56.86274719238281,43,51,56,1020,1071,1237
1787461983,1265.6,70.0,95.0,424.39,2797.0,74.0,65.25000762939453,65.0,2163.46142578125,1914.8936767578125,56.86274719238281,43,51,56,1018,1071,1242
1787461984,1267.1,70.0,93.0,417.79,2805.0,74.0,65.37500762939453,62.250003814697266,2156.549560546875,1912.1812744140625,56.86274719238281,43,51,56,1023,1073,1237
1787461986,1268.6,70.0,93.0,414.88,2812.0,74.0,67.37500762939453,64.625,2163.46142578125,1912.1812744140625,56.86274719238281,43,51,56,1027,1075,1242
1787461987,1270.1,70.0,95.0,433.04,2797.0,74.0,68.75000762939453,65.0,2170.41796875,1901.408447265625,56.86274719238281,43,51,56,1020,1071,1234
1787461989,1271.6,71.0,95.0,425.83,2797.0,74.0,68.00000762939453,65.0,2163.46142578125,1912.1812744140625,56.86274719238281,43,51,56,1027,1073,1239
1787461990,1273.1,70.0,97.0,421.3,2797.0,74.0,67.62500762939453,65.875,2163.46142578125,1909.4766845703125,56.86274719238281,43,51,56,1023,1077,1237
1787461992,1274.6,70.0,93.0,408.96,2805.0,74.0,69.62500762939453,71.625,2163.46142578125,1939.6551513671875,56.86274719238281,43,51,56,1025,1079,1244
1787461993,1276.1,70.0,89.0,434.44,2797.0,74.0,70.50000762939453,68.625,2170.41796875,1934.097412109375,56.86274719238281,43,51,56,1029,1081,1239
1787461995,1277.6,71.0,94.0,437.41,2797.0,74.0,71.00000762939453,71.375,2156.549560546875,1888.1119384765625,56.86274719238281,43,51,56,1022,1077,1239
1787461996,1279.1,71.0,93.0,433.63,2797.0,74.0,70.87500762939453,71.875,2163.46142578125,1912.1812744140625,56.86274719238281,43,51,56,1018,1077,1244
1787461998,1280.6,71.0,95.0,441.35,2797.0,74.0,71.75000762939453,61.625003814697266,2160.0,1914.8936767578125,56.86274719238281,43,51,56,1020,1077,1237
1787461999,1282.1,70.0,92.0,444.26,2790.0,74.0,70.75000762939453,66.0,2166.93408203125,2008.9285888671875,60.7843132019043,43,51,56,1023,1079,1239
1787462001,1283.6,71.0,97.0,450.84,2790.0,74.0,69.50000762939453,65.5,2163.46142578125,2033.132568359375,60.7843132019043,43,51,56,1027,1075,1237
1787462002,1285.1,71.0,95.0,444.79,2797.0,74.0,68.50000762939453,64.5,2170.41796875,2002.9674072265625,60.7843132019043,43,51,56,1023,1073,1244
1787462004,1286.6,71.0,96.0,443.13,2797.0,74.0,67.37500762939453,66.875,2160.0,2017.937255859375,60.7843132019043,43,51,56,1029,1079,1234
1787462005,1288.1,71.0,92.0,444.66,2790.0,74.0,68.62500762939453,68.25,2160.0,2023.988037109375,60.7843132019043,43,51,56,1027,1079,1239
1787462007,1289.6,71.0,97.0,440.62,2797.0,74.0,68.00000762939453,63.250003814697266,2160.0,2008.9285888671875,60.7843132019043,43,51,56,1029,1075,1239
1787462008,1291.1,71.0,97.0,434.88,2797.0,74.0,67.62500762939453,66.375,2170.41796875,2011.9224853515625,60.7843132019043,43,51,56,1023,1071,1234
1787462010,1292.6,71.0,91.0,446.27,2790.0,74.0,67.50000762939453,63.125003814697266,2156.549560546875,1982.37890625,60.7843132019043,43,51,56,1027,1077,1242
1787462011,1294.1,71.0,94.0,446.81,2790.0,74.0,67.12500762939453,61.250003814697266,2156.549560546875,2033.132568359375,60.7843132019043,43,51,56,1022,1079,1234
1787462013,1295.6,71.0,95.0,439.58,2797.0,74.0,67.12500762939453,66.25,2160.0,2011.9224853515625,60.7843132019043,43,51,56,1025,1069,1242
1787462014,1297.1,71.0,91.0,442.51,2797.0,74.0,67.12500762939453,65.5,2170.41796875,2033.132568359375,60.7843132019043,43,51,56,1023,1079,1239
1787462016,1298.6,71.0,93.0,445.29,2790.0,74.0,66.62500762939453,60.875003814697266,2163.46142578125,1985.2940673828125,60.7843132019043,43,51,56,1025,1065,1232
1787462017,1300.1,71.0,94.0,435.85,2797.0,74.0,66.50000762939453,63.000003814697266,2166.93408203125,2000.0,60.7843132019043,43,51,56,1030,1075,1242
1787462019,1301.6,71.0,93.0,433.61,2790.0,74.0,65.87500762939453,59.250003814697266,2163.46142578125,2011.9224853515625,60.7843132019043,43,51,56,1027,1077,1237
1787462020,1303.1,70.0,89.0,440.51,2797.0,74.0,67.50000762939453,65.0,2166.93408203125,1976.573974609375,60.7843132019043,43,51,56,1022,1073,1242
1787462022,1304.6,71.0,95.0,446.3,2797.0,74.0,67.87500762939453,65.5,2163.46142578125,2030.0751953125,60.7843132019043,43,51,56,1027,1079,1234
1787462023,1306.1,71.0,94.0,452.76,2790.0,74.0,67.37500762939453,64.125,2163.46142578125,2020.9581298828125,60.7843132019043,43,51,56,1022,1077,1234
1787462025,1307.6,71.0,95.0,451.27,2790.0,74.0,67.37500762939453,64.125,2163.46142578125,2020.9581298828125,60.7843132019043,43,51,56,1016,1071,1239
1787462026,1309.1,71.0,97.0,452.29,2805.0,74.0,68.00000762939453,66.0,2163.46142578125,2008.9285888671875,60.7843132019043,43,51,56,1022,1077,1234
1787462028,1310.6,71.0,92.0,452.05,2782.0,74.0,68.00000762939453,66.0,2163.46142578125,2008.9285888671875,60.7843132019043,43,51,56,1016,1081,1239
1787462029,1312.1,72.0,95.0,451.17,2797.0,74.0,68.00000762939453,66.375,2163.46142578125,2033.132568359375,60.7843132019043,43,51,56,1022,1075,1234
1787462031,1313.6,71.0,93.0,443.66,2797.0,74.0,68.50000762939453,66.875,2163.46142578125,2030.0751953125,60.7843132019043,43,51,56,1013,1077,1237
1787462032,1315.1,71.0,95.0,436.19,2797.0,74.0,68.75000762939453,70.5,2160.0,2008.9285888671875,60.7843132019043,43,51,56,1022,1073,1242
1787462034,1316.6,71.0,95.0,445.51,2797.0,76.0,69.00000762939453,65.5,2163.46142578125,2011.9224853515625,60.7843132019043,43,51,56,1022,1079,1237
1787462035,1318.1,71.0,91.0,448.2,2790.0,74.0,69.62500762939453,67.25,2160.0,1976.573974609375,60.7843132019043,43,51,56,1022,1075,1239
1787462037,1319.6,71.0,93.0,444.6,2797.0,76.0,69.62500762939453,65.5,2160.0,2011.9224853515625,60.7843132019043,43,51,56,1030,1077,1237
1787462038,1321.1,72.0,93.0,444.1,2797.0,76.0,68.75000762939453,66.375,2156.549560546875,2030.0751953125,60.7843132019043,43,51,56,1029,1073,1242
1787462040,1322.9,71.0,92.0,442.79,2797.0,74.0,68.25000762939453,63.625003814697266,2160.0,2005.9434814453125,60.7843132019043,43,51,56,1027,1071,1242
1787462041,1324.4,71.0,97.0,446.83,2797.0,76.0,68.12500762939453,66.0,2160.0,1982.37890625,60.7843132019043,43,51,56,1025,1079,1237
1787462043,1325.9,71.0,93.0,448.3,2782.0,76.0,68.37500762939453,67.75,2163.46142578125,2005.9434814453125,60.7843132019043,43,51,56,1027,1071,1237
1787462044,1327.4,72.0,95.0,450.43,2790.0,76.0,67.75000762939453,62.750003814697266,2160.0,2005.9434814453125,60.7843132019043,43,51,56,1023,1075,1237
1787462046,1328.9,72.0,93.0,454.15,2797.0,76.0,68.00000762939453,62.750003814697266,2163.46142578125,2027.0269775390625,60.7843132019043,43,51,56,1023,1069,1237
1787462047,1330.4,71.0,93.0,439.75,2797.0,76.0,67.87500762939453,65.5,2163.46142578125,2005.9434814453125,60.7843132019043,43,51,56,1022,1079,1242
1787462049,1331.9,71.0,93.0,439.13,2797.0,74.0,68.50000762939453,66.0,2173.9130859375,2014.9254150390625,60.7843132019043,43,51,56,1027,1073,1234
1787462050,1333.4,71.0,93.0,442.12,2797.0,74.0,69.25000762939453,67.375,2163.46142578125,2008.9285888671875,60.7843132019043,43,51,56,1025,1069,1239
1787462052,1334.9,71.0,96.0,440.41,2797.0,76.0,69.00000762939453,67.875,2153.110107421875,1991.150390625,60.7843132019043,43,51,56,1020,1067,1239
1787462053,1336.4,71.0,93.0,442.79,2790.0,76.0,69.00000762939453,64.875,2163.46142578125,2005.9434814453125,60.7843132019043,43,51,56,1022,1071,1234
1787462055,1337.9,71.0,95.0,444.34,2797.0,76.0,68.75000762939453,64.625,2163.46142578125,2030.0751953125,60.7843132019043,43,51,56,1023,1073,1239
1787462056,1339.4,71.0,95.0,443.19,2797.0,76.0,69.00000762939453,68.625,2163.46142578125,2005.9434814453125,60.7843132019043,43,51,56,1027,1071,1234
1787462058,1340.9,71.0,93.0,427.78,2805.0,76.0,68.75000762939453,64.125,2166.93408203125,1991.150390625,60.7843132019043,43,51,56,1023,1077,1242
1787462059,1342.4,71.0,95.0,439.68,2782.0,76.0,69.00000762939453,71.375,2166.93408203125,1985.2940673828125,60.7843132019043,43,51,56,1025,1073,1237
1787462061,1343.9,71.0,94.0,440.55,2782.0,76.0,68.62500762939453,67.375,2160.0,2033.132568359375,60.7843132019043,43,51,56,1016,1075,1242
1787462062,1345.4,71.0,95.0,429.17,2805.0,76.0,68.25000762939453,71.375,2160.0,2008.9285888671875,60.7843132019043,43,51,56,1025,1071,1242
1787462064,1346.9,71.0,95.0,442.34,2790.0,76.0,70.00000762939453,71.875,2163.46142578125,2033.132568359375,60.7843132019043,43,51,56,1025,1073,1239
1787462065,1348.4,71.0,92.0,437.27,2797.0,74.0,70.12500762939453,71.375,2170.41796875,1979.47216796875,60.7843132019043,43,51,56,1032,1077,1242
1787462067,1349.9,71.0,94.0,445.54,2790.0,74.0,69.62500762939453,68.625,2160.0,1988.218017578125,60.7843132019043,43,51,56,1029,1067,1234
1787462068,1351.4,71.0,91.0,444.88,2790.0,76.0,68.87500762939453,64.125,2163.46142578125,2030.0751953125,60.7843132019043,43,51,56,1027,1075,1242
1787462070,1352.9,71.0,91.0,440.12,2797.0,76.0,69.37500762939453,70.5,2163.46142578125,2002.9674072265625,60.7843132019043,43,51,56,1027,1075,1234
1787462071,1354.4,72.0,95.0,440.08,2790.0,76.0,69.37500762939453,67.375,2156.549560546875,1976.573974609375,60.7843132019043,43,51,56,1022,1075,1232
1787462073,1356.1,72.0,92.0,443.96,2790.0,76.0,70.62500762939453,69.75,2166.93408203125,1976.573974609375,60.7843132019043,43,51,56,1020,1071,1234
1787462075,1357.6,71.0,95.0,446.38,2790.0,76.0,71.50000762939453,66.375,2160.0,2005.9434814453125,60.7843132019043,43,51,56,1025,1073,1242
1787462076,1359.1,71.0,93.0,444.53,2790.0,76.0,70.75000762939453,71.5,2160.0,2033.132568359375,60.7843132019043,43,51,56,1025,1077,1237
1787462078,1360.6,72.0,94.0,445.24,2790.0,76.0,70.50000762939453,68.25,2170.41796875,2102.8037109375,62.74509811401367,43,51,56,1029,1079,1239
1787462079,1362.1,71.0,93.0,442.08,2790.0,76.0,69.50000762939453,65.0,2170.41796875,2073.732666015625,62.74509811401367,43,51,56,1025,1075,1232
1787462081,1363.6,71.0,92.0,440.62,2797.0,76.0,68.87500762939453,66.875,2163.46142578125,2070.55224609375,62.74509811401367,43,51,56,1025,1073,1234
1787462082,1365.1,71.0,93.0,438.17,2790.0,74.0,68.62500762939453,67.25,2156.549560546875,2086.55322265625,62.74509811401367,43,51,56,1023,1075,1242
1787462084,1366.6,71.0,94.0,441.27,2790.0,76.0,68.75000762939453,64.625,2166.93408203125,2061.068603515625,62.74509811401367,43,51,56,1022,1075,1229
1787462085,1368.1,71.0,94.0,431.5,2797.0,74.0,68.75000762939453,66.0,2163.46142578125,2064.22021484375,62.74509811401367,43,51,56,1016,1081,1234
1787462087,1369.6,71.0,95.0,438.69,2790.0,76.0,67.75000762939453,63.125003814697266,2163.46142578125,2093.023193359375,62.74509811401367,43,51,56,1027,1073,1229
1787462088,1371.1,71.0,96.0,439.38,2790.0,76.0,67.25000762939453,63.250003814697266,2160.0,2061.068603515625,62.74509811401367,43,51,56,1020,1077,1234
1787462090,1372.6,71.0,90.0,422.86,2805.0,76.0,67.87500762939453,72.0,2156.549560546875,2064.22021484375,62.74509811401367,43,51,56,1020,1069,1242
1787462091,1374.1,71.0,96.0,427.88,2790.0,76.0,69.12500762939453,65.5,2156.549560546875,2061.068603515625,62.74509811401367,43,51,56,1023,1071,1237
1787462093,1375.9,71.0,94.0,421.36,2805.0,76.0,69.87500762939453,69.625,2170.41796875,2061.068603515625,62.74509811401367,43,51,56,1022,1071,1234
1787462094,1377.4,71.0,90.0,417.75,2797.0,76.0,70.25000762939453,66.375,2163.46142578125,2042.360107421875,62.74509811401367,43,51,56,1023,1077,1239
1787462096,1378.9,71.0,89.0,423.62,2797.0,74.0,69.37500762939453,63.250003814697266,2156.549560546875,2030.0751953125,62.74509811401367,43,51,56,1023,1075,1237
1787462097,1380.4,71.0,96.0,425.04,2797.0,74.0,68.75000762939453,64.125,2156.549560546875,2061.068603515625,62.74509811401367,43,51,56,1025,1075,1234
1787462099,1381.9,71.0,95.0,431.05,2790.0,76.0,67.62500762939453,64.625,2163.46142578125,2036.1990966796875,62.74509811401367,43,51,56,1023,1077,1239
1787462100,1383.4,71.0,96.0,426.42,2790.0,74.0,67.87500762939453,64.625,2170.41796875,2061.068603515625,62.74509811401367,43,51,56,1027,1069,1234
1787462102,1384.9,71.0,95.0,430.62,2790.0,74.0,67.87500762939453,64.625,2170.41796875,2061.068603515625,62.74509811401367,43,51,56,1022,1077,1242
1787462103,1386.4,71.0,96.0,421.01,2790.0,76.0,66.75000762939453,64.625,2170.41796875,2061.068603515625,62.74509811401367,43,51,56,1022,1075,1237
1787462105,1387.9,71.0,93.0,428.66,2790.0,76.0,66.75000762939453,64.625,2170.41796875,2061.068603515625,62.74509811401367,43,51,56,1025,1077,1234
1787462106,1389.4,71.0,91.0,421.75,2797.0,74.0,66.00000762939453,64.5,2160.0,2067.38134765625,62.74509811401367,43,51,56,1023,1075,1242
1787462108,1390.9,71.0,93.0,423.44,2790.0,74.0,66.00000762939453,64.5,2160.0,2067.38134765625,62.74509811401367,43,51,56,1027,1075,1234
1787462109,1392.4,71.0,93.0,443.49,2790.0,74.0,65.87500762939453,62.750003814697266,2160.0,2067.38134765625,62.74509811401367,43,51,56,1025,1075,1239
1787462111,1393.9,71.0,95.0,447.4,2790.0,74.0,65.50000762939453,62.250003814697266,2163.46142578125,2067.38134765625,62.74509811401367,43,51,56,1023,1075,1234
1787462112,1395.4,72.0,92.0,453.51,2782.0,74.0,65.37500762939453,63.125003814697266,2163.46142578125,2061.068603515625,62.74509811401367,43,51,56,1023,1075,1234
1787462114,1396.9,71.0,92.0,447.64,2782.0,76.0,64.75000762939453,60.875003814697266,2163.46142578125,2086.55322265625,62.74509811401367,43,51,56,1029,1077,1239
1787462115,1398.4,71.0,95.0,439.97,2790.0,74.0,64.87500762939453,63.125003814697266,2156.549560546875,2064.22021484375,62.74509811401367,43,51,56,1027,1075,1234
1787462117,1399.9,71.0,95.0,429.35,2790.0,74.0,65.25000762939453,62.750003814697266,2163.46142578125,2057.9267578125,62.74509811401367,43,51,56,1025,1075,1244
1787462118,1401.4,71.0,93.0,437.8,2797.0,76.0,65.37500762939453,61.375003814697266,2156.549560546875,2089.783203125,62.74509811401367,43,51,56,1020,1073,1237
1787462120,1402.9,72.0,92.0,440.91,2797.0,74.0,65.12500762939453,61.875003814697266,2173.9130859375,2089.783203125,62.74509811401367,43,51,56,1025,1069,1234
1787462121,1404.4,72.0,92.0,454.7,2775.0,74.0,65.62500762939453,62.000003814697266,2163.46142578125,2080.123291015625,62.74509811401367,43,51,56,1027,1077,1237
1787462123,1405.9,71.0,94.0,460.79,2790.0,74.0,65.00000762939453,60.500003814697266,2163.46142578125,2089.783203125,62.74509811401367,43,51,56,1025,1073,1234
1787462124,1407.4,72.0,96.0,465.37,2775.0,76.0,64.37500762939453,58.625003814697266,2156.549560546875,2057.9267578125,62.74509811401367,43,51,56,1023,1073,1239
1787462126,1408.9,72.0,96.0,467.66,2767.0,76.0,64.25000762939453,66.0,2163.46142578125,2089.783203125,62.74509811401367,43,51,56,1027,1071,1234
1787462127,1410.4,72.0,96.0,460.61,2775.0,76.0,64.00000762939453,60.125003814697266,2156.549560546875,2089.783203125,62.74509811401367,43,51,56,1027,1073,1234
1787462129,1411.9,72.0,93.0,457.1,2775.0,76.0,66.12500762939453,67.875,2170.41796875,2064.22021484375,62.74509811401367,43,51,56,1023,1069,1242
1787462130,1413.4,72.0,96.0,457.3,2775.0,76.0,67.00000762939453,62.750003814697266,2160.0,2086.55322265625,62.74509811401367,43,51,56,1023,1077,1234
1787462132,1414.9,71.0,91.0,460.33,2775.0,76.0,67.25000762939453,70.0,2170.41796875,2089.783203125,62.74509811401367,43,51,56,1018,1071,1237
1787462133,1416.4,71.0,93.0,453.93,2790.0,76.0,68.00000762939453,60.000003814697266,2163.46142578125,2064.22021484375,62.74509811401367,43,51,56,1027,1077,1234
1787462135,1417.9,72.0,94.0,454.54,2775.0,76.0,66.87500762939453,59.625003814697266,2163.46142578125,2061.068603515625,62.74509811401367,43,51,56,1023,1069,1237
1787462136,1419.4,72.0,93.0,451.08,2782.0,76.0,66.87500762939453,70.5,2163.46142578125,2036.1990966796875,62.74509811401367,43,51,56,1025,1073,1237
1787462138,1420.9,72.0,97.0,445.55,2775.0,76.0,67.37500762939453,66.375,2166.93408203125,2039.27490234375,62.74509811401367,43,51,56,1029,1079,1232
1787462139,1422.4,71.0,93.0,440.4,2797.0,76.0,66.37500762939453,64.5,2156.549560546875,2057.9267578125,62.74509811401367,43,51,56,1025,1075,1239
1787462141,1423.9,71.0,95.0,445.01,2782.0,76.0,66.12500762939453,64.125,2166.93408203125,2067.38134765625,62.74509811401367,43,51,56,1023,1071,1237
1787462142,1425.4,72.0,97.0,448.66,2775.0,76.0,65.50000762939453,57.250003814697266,2166.93408203125,2086.55322265625,62.74509811401367,43,51,56,1020,1073,1242
1787462144,1426.9,72.0,96.0,447.44,2775.0,76.0,64.75000762939453,62.250003814697266,2160.0,2086.55322265625,62.74509811401367,43,51,56,1020,1069,1242
1787462145,1428.4,72.0,92.0,444.4,2782.0,74.0,64.37500762939453,63.250003814697266,2163.46142578125,2089.783203125,62.74509811401367,43,51,56,1025,1073,1237
1787462147,1429.9,71.0,89.0,452.42,2782.0,76.0,65.87500762939453,65.5,2166.93408203125,2064.22021484375,62.74509811401367,43,51,56,1023,1077,1239
1787462148,1431.4,72.0,93.0,446.03,2775.0,76.0,65.25000762939453,60.875003814697266,2156.549560546875,2064.22021484375,62.74509811401367,43,51,56,1032,1069,1234
1787462150,1432.9,72.0,95.0,458.19,2782.0,76.0,64.75000762939453,61.875003814697266,2166.93408203125,2086.55322265625,62.74509811401367,43,51,56,1025,1079,1237
1787462151,1434.4,72.0,95.0,466.29,2775.0,76.0,64.12500762939453,60.500003814697266,2156.549560546875,2061.068603515625,62.74509811401367,43,51,56,1020,1073,1239
1787462153,1435.9,72.0,97.0,457.55,2782.0,76.0,63.75000762939453,63.625003814697266,2153.110107421875,2064.22021484375,62.74509811401367,43,51,56,1027,1081,1232
1787462154,1437.4,71.0,93.0,446.03,2775.0,76.0,63.25000762939453,60.500003814697266,2163.46142578125,2045.45458984375,62.74509811401367,43,51,56,1025,1069,1239
1787462156,1438.9,72.0,94.0,440.35,2790.0,76.0,64.37500762939453,63.250003814697266,2160.0,2042.360107421875,62.74509811401367,43,51,56,1020,1073,1237
1787462157,1440.4,72.0,95.0,471.57,2775.0,76.0,64.37500762939453,63.250003814697266,2160.0,2042.360107421875,62.74509811401367,43,51,56,1029,1071,1239
1787462159,1441.9,73.0,98.0,473.14,2767.0,76.0,63.25000762939453,63.625003814697266,2163.46142578125,2083.333251953125,62.74509811401367,43,51,56,1027,1081,1234
1787462160,1443.4,72.0,98.0,460.96,2767.0,76.0,63.25000762939453,63.625003814697266,2163.46142578125,2083.333251953125,62.74509811401367,43,51,56,1025,1077,1242
1787462162,1444.9,72.0,92.0,458.75,2775.0,76.0,64.37500762939453,64.125,2160.0,2061.068603515625,62.74509811401367,43,51,56,1029,1069,1239
1787462163,1446.4,72.0,93.0,457.15,2782.0,76.0,65.12500762939453,62.750003814697266,2156.549560546875,2086.55322265625,62.74509811401367,43,51,56,1027,1075,1234
1787462165,1447.9,72.0,95.0,455.92,2782.0,76.0,64.37500762939453,58.875003814697266,2170.41796875,2086.55322265625,62.74509811401367,43,51,56,1029,1077,1239
1787462166,1449.4,71.0,92.0,459.38,2775.0,76.0,64.87500762939453,65.5,2163.46142578125,2061.068603515625,62.74509811401367,43,51,56,1023,1077,1234
1787462168,1450.9,72.0,97.0,435.58,2790.0,76.0,64.87500762939453,61.125003814697266,2163.46142578125,2064.22021484375,62.74509811401367,43,51,56,1023,1073,1239
1787462169,1452.4,72.0,93.0,448.63,2775.0,76.0,66.25000762939453,70.625,2170.41796875,2083.333251953125,62.74509811401367,43,51,56,1018,1077,1232
1787462171,1453.9,72.0,95.0,457.06,2775.0,76.0,68.87500762939453,67.25,2166.93408203125,2039.27490234375,62.74509811401367,43,51,56,1022,1075,1234
1787462172,1455.4,72.0,95.0,453.63,2775.0,76.0,67.87500762939453,60.875003814697266,2163.46142578125,2061.068603515625,62.74509811401367,43,51,56,1027,1071,1239
1787462174,1456.9,72.0,97.0,447.82,2775.0,76.0,67.00000762939453,61.875003814697266,2166.93408203125,2061.068603515625,62.74509811401367,43,51,56,1029,1075,1237
1787462175,1458.4,72.0,98.0,442.5,2775.0,76.0,65.87500762939453,60.000003814697266,2177.41943359375,1948.052001953125,55.686275482177734,43,51,56,1027,1073,1244
1787462177,1459.9,72.0,97.0,443.36,2775.0,76.0,64.50000762939453,57.750003814697266,2163.46142578125,1856.9464111328125,55.686275482177734,43,51,56,1016,1075,1239
1787462178,1461.4,72.0,96.0,439.5,2775.0,76.0,64.50000762939453,64.125,2160.0,1917.6136474609375,55.686275482177734,43,51,56,1022,1071,1244
1787462180,1462.9,71.0,96.0,437.53,2775.0,76.0,64.25000762939453,59.375003814697266,2160.0,1909.4766845703125,55.686275482177734,43,51,56,1025,1065,1237
1787462181,1464.4,71.0,96.0,438.24,2782.0,76.0,63.50000762939453,60.000003814697266,2163.46142578125,1859.504150390625,55.686275482177734,43,51,56,1023,1075,1239
1787462183,1465.9,72.0,97.0,440.8,2782.0,76.0,62.87500762939453,58.625003814697266,2170.41796875,1885.474853515625,55.686275482177734,43,51,56,1027,1073,1244
1787462184,1467.4,72.0,96.0,437.38,2775.0,76.0,62.50000762939453,57.250003814697266,2166.93408203125,1882.84521484375,55.686275482177734,43,51,56,1023,1073,1237
1787462186,1468.9,72.0,95.0,437.5,2790.0,76.0,62.37500762939453,60.375003814697266,2163.46142578125,1906.7796630859375,55.686275482177734,43,51,56,1025,1081,1244
1787462187,1470.4,72.0,97.0,434.2,2790.0,76.0,62.25000762939453,58.875003814697266,2170.41796875,1882.84521484375,55.686275482177734,43,51,56,1018,1075,1239
1787462189,1471.9,72.0,96.0,437.16,2790.0,76.0,62.00000762939453,58.125003814697266,2166.93408203125,1880.222900390625,55.686275482177734,43,51,56,1025,1067,1239
1787462190,1473.4,72.0,94.0,436.82,2790.0,76.0,62.12500762939453,59.500003814697266,2173.9130859375,1859.504150390625,55.686275482177734,43,51,56,1022,1073,1237
1787462192,1474.9,72.0,96.0,437.59,2790.0,76.0,61.87500762939453,63.625003814697266,2160.0,1904.0902099609375,55.686275482177734,43,51,56,1020,1071,1242
1787462193,1476.4,72.0,97.0,437.97,2790.0,76.0,62.00000762939453,60.000003814697266,2160.0,1888.1119384765625,55.686275482177734,43,51,56,1027,1075,1232
1787462195,1477.9,72.0,93.0,437.68,2790.0,76.0,61.75000762939453,58.750003814697266,2170.41796875,1856.9464111328125,55.686275482177734,43,51,56,1023,1073,1234
1787462196,1479.4,72.0,95.0,437.71,2790.0,76.0,61.62500762939453,66.875,2170.41796875,1885.474853515625,55.686275482177734,43,51,56,1025,1077,1247
1787462198,1480.9,71.0,95.0,438.04,2790.0,76.0,61.87500762939453,59.500003814697266,2166.93408203125,1885.474853515625,55.686275482177734,43,51,56,1023,1073,1239
1787462199,1482.4,72.0,98.0,437.8,2790.0,76.0,61.75000762939453,56.750003814697266,2166.93408203125,1885.474853515625,55.686275482177734,43,51,56,1020,1069,1244
1787462201,1483.9,72.0,94.0,437.76,2790.0,76.0,62.00000762939453,59.500003814697266,2163.46142578125,1885.474853515625,55.686275482177734,43,51,56,1022,1069,1237
1787462202,1485.4,72.0,96.0,438.33,2790.0,76.0,62.12500762939453,58.875003814697266,2166.93408203125,1880.222900390625,55.686275482177734,43,51,56,1023,1075,1242
1787462204,1486.9,71.0,95.0,438.48,2790.0,76.0,61.87500762939453,58.625003814697266,2160.0,1821.8623046875,53.72549057006836,43,51,56,1018,1077,1237
1787462205,1488.4,72.0,95.0,438.16,2790.0,76.0,61.62500762939453,59.250003814697266,2177.41943359375,1836.7347412109375,53.72549057006836,43,51,56,1020,1077,1242
1787462207,1489.9,72.0,94.0,437.84,2790.0,76.0,61.75000762939453,65.375,2160.0,1821.8623046875,53.72549057006836,43,51,56,1022,1079,1239
1787462208,1491.4,72.0,95.0,439.63,2790.0,76.0,61.62500762939453,56.750003814697266,2166.93408203125,1819.406982421875,53.72549057006836,43,51,56,1023,1073,1237
1787462210,1492.9,72.0,95.0,437.24,2790.0,76.0,64.00000762939453,61.375003814697266,2163.46142578125,1824.3243408203125,53.72549057006836,43,51,56,1018,1077,1244
1787462211,1494.4,72.0,97.0,436.96,2790.0,76.0,63.37500762939453,61.625003814697266,2166.93408203125,1836.7347412109375,53.72549057006836,43,51,56,1023,1077,1239
1787462213,1495.9,71.0,95.0,437.44,2790.0,76.0,63.37500762939453,61.625003814697266,2166.93408203125,1836.7347412109375,53.72549057006836,43,51,56,1020,1069,1242
1787462214,1497.4,71.0,96.0,438.3,2790.0,76.0,62.50000762939453,65.375,2160.0,1839.237060546875,53.72549057006836,43,51,56,1023,1079,1242
1787462216,1498.9,72.0,95.0,436.83,2790.0,76.0,62.50000762939453,65.375,2160.0,1839.237060546875,53.72549057006836,43,51,56,1023,1079,1242
1787462217,1500.4,71.0,95.0,436.16,2790.0,76.0,62.37500762939453,56.750003814697266,2163.46142578125,1836.7347412109375,53.72549057006836,43,51,56,1023,1071,1237
1787462219,1501.9,72.0,92.0,437.01,2790.0,76.0,62.12500762939453,60.000003814697266,2156.549560546875,1851.851806640625,53.72549057006836,43,51,56,1027,1075,1247
1787462220,1503.4,71.0,95.0,437.32,2790.0,76.0,62.37500762939453,59.500003814697266,2156.549560546875,1821.8623046875,53.72549057006836,43,51,56,1025,1077,1242
1787462222,1504.9,71.0,95.0,437.21,2790.0,76.0,62.75000762939453,59.500003814697266,2166.93408203125,1836.7347412109375,53.72549057006836,43,51,56,1027,1075,1242
1787462223,1506.4,71.0,97.0,430.28,2790.0,76.0,62.62500762939453,61.875003814697266,2160.0,1839.237060546875,53.72549057006836,43,51,56,1018,1073,1234
1787462225,1507.9,71.0,96.0,427.35,2790.0,76.0,62.25000762939453,58.125003814697266,2160.0,1831.7503662109375,53.72549057006836,43,51,56,1027,1079,1234
1787462226,1509.4,71.0,96.0,426.16,2790.0,76.0,62.00000762939453,63.625003814697266,2160.0,1834.2391357421875,53.72549057006836,43,51,56,1025,1073,1244
1787462228,1510.9,71.0,94.0,426.46,2790.0,76.0,63.87500762939453,64.375,2163.46142578125,1836.7347412109375,53.72549057006836,43,51,56,1018,1077,1242
1787462229,1512.4,71.0,96.0,425.99,2790.0,76.0,63.62500762939453,65.375,2156.549560546875,1831.7503662109375,53.72549057006836,43,51,56,1025,1075,1242
1787462231,1513.9,71.0,93.0,425.37,2797.0,76.0,64.25000762939453,70.5,2160.0,1856.9464111328125,53.72549057006836,43,51,56,1027,1073,1239
1787462232,1515.4,71.0,95.0,427.26,2790.0,76.0,64.50000762939453,58.125003814697266,2160.0,1841.7462158203125,53.72549057006836,43,51,56,1027,1075,1242
1787462234,1516.9,71.0,96.0,426.46,2790.0,76.0,64.00000762939453,60.875003814697266,2170.41796875,1834.2391357421875,53.72549057006836,43,51,56,1022,1081,1237
1787462235,1518.4,71.0,97.0,424.62,2797.0,76.0,63.50000762939453,60.500003814697266,2166.93408203125,1841.7462158203125,53.72549057006836,43,51,56,1023,1073,1242
1787462237,1519.9,71.0,96.0,426.86,2797.0,76.0,63.87500762939453,59.375003814697266,2160.0,1821.8623046875,53.72549057006836,43,51,56,1022,1079,1237
1787462238,1521.4,71.0,95.0,425.3,2797.0,76.0,63.12500762939453,61.375003814697266,2163.46142578125,1856.9464111328125,53.72549057006836,43,51,56,1025,1073,1234
1787462240,1522.9,71.0,94.0,424.56,2790.0,76.0,62.75000762939453,60.000003814697266,2166.93408203125,1836.7347412109375,53.72549057006836,43,51,56,1023,1075,1242
1787462241,1524.4,71.0,95.0,423.61,2797.0,76.0,63.00000762939453,58.875003814697266,2149.681640625,1816.958251953125,53.72549057006836,43,51,56,1025,1079,1237
1787462243,1525.9,71.0,93.0,424.04,2790.0,76.0,64.50000762939453,61.875003814697266,2163.46142578125,1816.958251953125,53.72549057006836,43,51,56,1023,1075,1242
1787462244,1527.4,71.0,94.0,426.88,2797.0,76.0,66.00000762939453,65.5,2163.46142578125,1814.51611328125,53.72549057006836,43,51,56,1025,1077,1239
1787462246,1528.9,71.0,95.0,424.54,2790.0,76.0,65.12500762939453,58.625003814697266,2156.549560546875,1839.237060546875,53.72549057006836,43,51,56,1020,1077,1244
1787462247,1530.4,71.0,97.0,426.97,2790.0,76.0,64.00000762939453,61.375003814697266,2153.110107421875,1836.7347412109375,53.72549057006836,43,51,56,1025,1077,1237
1787462249,1531.9,71.0,96.0,426.06,2790.0,76.0,63.37500762939453,61.875003814697266,2166.93408203125,1854.3956298828125,53.72549057006836,43,51,56,1029,1079,1239
1787462250,1533.4,71.0,96.0,424.35,2790.0,76.0,63.00000762939453,61.375003814697266,2163.46142578125,1836.7347412109375,53.72549057006836,43,51,56,1013,1075,1244
1787462252,1534.9,71.0,95.0,424.86,2790.0,76.0,62.75000762939453,57.750003814697266,2166.93408203125,1834.2391357421875,53.72549057006836,43,51,56,1023,1073,1237
1787462253,1536.4,71.0,96.0,424.89,2790.0,76.0,62.50000762939453,57.250003814697266,2160.0,1839.237060546875,53.72549057006836,43,51,56,1025,1075,1242
1787462255,1537.9,71.0,94.0,425.28,2797.0,74.0,62.37500762939453,59.125003814697266,2160.0,1839.237060546875,53.72549057006836,43,51,56,1023,1073,1237
1787462256,1539.4,71.0,94.0,421.92,2797.0,76.0,65.25000762939453,61.125003814697266,2160.0,1839.237060546875,53.72549057006836,43,51,56,1027,1077,1244
1787462258,1540.9,71.0,92.0,422.48,2797.0,76.0,65.75000762939453,62.250003814697266,2163.46142578125,1836.7347412109375,53.72549057006836,43,51,56,1025,1073,1237
1787462259,1542.4,71.0,95.0,424.95,2790.0,76.0,64.75000762939453,62.250003814697266,2170.41796875,1836.7347412109375,53.72549057006836,43,51,56,1023,1071,1242
1787462261,1543.9,71.0,95.0,424.0,2797.0,76.0,64.00000762939453,59.500003814697266,2160.0,1859.504150390625,53.72549057006836,43,51,56,1022,1073,1237
1787462262,1545.4,71.0,95.0,424.29,2790.0,76.0,64.75000762939453,61.875003814697266,2166.93408203125,1859.504150390625,53.72549057006836,43,51,56,1025,1073,1234
1787462264,1546.9,71.0,97.0,425.6,2790.0,76.0,64.25000762939453,60.000003814697266,2166.93408203125,1836.7347412109375,53.72549057006836,43,51,56,1027,1071,1242
1787462265,1548.4,71.0,96.0,423.94,2790.0,76.0,64.25000762939453,60.000003814697266,2166.93408203125,1836.7347412109375,53.72549057006836,43,51,56,1029,1075,1237
1787462267,1549.9,71.0,93.0,424.49,2790.0,76.0,62.87500762939453,61.875003814697266,2163.46142578125,1862.0689697265625,53.72549057006836,43,51,56,1022,1073,1242
1787462268,1551.4,71.0,94.0,424.86,2790.0,76.0,62.87500762939453,61.875003814697266,2163.46142578125,1862.0689697265625,53.72549057006836,43,51,56,1023,1073,1232
1787462270,1552.9,71.0,95.0,424.41,2797.0,76.0,62.37500762939453,56.750003814697266,2166.93408203125,1839.237060546875,53.72549057006836,43,51,56,1025,1073,1242
1787462271,1554.4,71.0,96.0,424.95,2790.0,76.0,62.37500762939453,56.750003814697266,2166.93408203125,1839.237060546875,53.72549057006836,43,51,56,1020,1071,1234
1787462273,1555.9,71.0,94.0,425.52,2790.0,76.0,62.25000762939453,60.875003814697266,2166.93408203125,1816.958251953125,53.72549057006836,43,51,56,1023,1073,1234
1787462274,1557.4,71.0,95.0,426.69,2790.0,76.0,62.25000762939453,60.875003814697266,2166.93408203125,1816.958251953125,53.72549057006836,43,51,56,1020,1071,1242
1787462276,1558.9,71.0,94.0,427.67,2790.0,76.0,62.37500762939453,59.500003814697266,2160.0,1841.7462158203125,53.72549057006836,43,51,56,1022,1079,1237
1787462277,1560.4,71.0,97.0,427.34,2790.0,76.0,62.25000762939453,61.375003814697266,2166.93408203125,1826.79296875,51.764705657958984,43,51,56,1022,1079,1242
1787462279,1561.9,71.0,93.0,424.92,2790.0,76.0,62.25000762939453,60.500003814697266,2163.46142578125,1767.0157470703125,51.764705657958984,43,51,56,1022,1075,1237
1787462280,1563.4,71.0,95.0,427.47,2790.0,76.0,62.00000762939453,61.375003814697266,2163.46142578125,1800.0,51.764705657958984,43,51,56,1022,1071,1242
1787462282,1564.9,71.0,95.0,428.57,2790.0,76.0,62.12500762939453,59.125003814697266,2160.0,1773.9815673828125,51.764705657958984,43,51,56,1023,1071,1237
1787462283,1566.4,71.0,94.0,428.65,2790.0,76.0,62.50000762939453,60.000003814697266,2170.41796875,1760.104248046875,51.764705657958984,43,51,56,1025,1075,1242
1787462285,1567.9,71.0,94.0,429.12,2790.0,74.0,62.12500762939453,56.500003814697266,2163.46142578125,1757.8125,51.764705657958984,43,51,56,1016,1075,1239
1787462286,1569.4,71.0,95.0,432.2,2790.0,76.0,62.00000762939453,60.875003814697266,2163.46142578125,1762.402099609375,51.764705657958984,43,51,56,1022,1073,1237
1787462288,1570.9,71.0,96.0,432.43,2790.0,76.0,61.75000762939453,55.375003814697266,2163.46142578125,1776.3157958984375,51.764705657958984,43,51,56,1030,1073,1242
1787462289,1572.4,71.0,96.0,432.08,2790.0,76.0,61.75000762939453,57.250003814697266,2163.46142578125,1790.450927734375,51.764705657958984,43,51,56,1022,1077,1239
1787462291,1573.9,70.0,93.0,432.05,2790.0,76.0,61.75000762939453,61.250003814697266,2160.0,1771.653564453125,51.764705657958984,43,51,56,1023,1079,1242
1787462292,1575.4,71.0,94.0,432.12,2790.0,76.0,61.87500762939453,60.875003814697266,2156.549560546875,1755.526611328125,51.764705657958984,43,51,56,1020,1077,1237
1787462294,1576.9,71.0,95.0,430.37,2790.0,76.0,62.12500762939453,61.625003814697266,2156.549560546875,1776.3157958984375,51.764705657958984,43,51,56,1025,1075,1244
1787462295,1578.4,71.0,97.0,432.29,2790.0,76.0,61.87500762939453,57.250003814697266,2160.0,1781.002685546875,51.764705657958984,43,51,56,1025,1079,1239
1787462297,1579.9,71.0,94.0,432.25,2790.0,74.0,62.00000762939453,58.625003814697266,2160.0,1760.104248046875,51.764705657958984,43,51,56,1018,1071,1239
1787462298,1581.4,71.0,96.0,432.2,2790.0,76.0,62.12500762939453,59.500003814697266,2166.93408203125,1762.402099609375,51.764705657958984,43,51,56,1029,1077,1244
1787462300,1582.9,70.0,92.0,431.41,2790.0,76.0,62.00000762939453,60.125003814697266,2160.0,1783.3553466796875,51.764705657958984,43,51,56,1022,1075,1237
1787462301,1584.4,71.0,94.0,432.84,2790.0,76.0,62.12500762939453,57.750003814697266,2170.41796875,1757.8125,51.764705657958984,43,51,56,1025,1073,1244
1787462303,1585.9,71.0,97.0,434.38,2790.0,76.0,62.00000762939453,61.875003814697266,2156.549560546875,1773.9815673828125,51.764705657958984,43,51,56,1022,1073,1242
1787462304,1587.4,71.0,96.0,433.68,2797.0,74.0,62.00000762939453,59.125003814697266,2170.41796875,1800.0,51.764705657958984,43,51,56,1022,1067,1244
1787462306,1588.9,71.0,96.0,432.88,2790.0,76.0,62.12500762939453,60.750003814697266,2173.9130859375,1781.002685546875,51.764705657958984,43,51,56,1020,1067,1237
1787462307,1590.4,71.0,94.0,432.2,2790.0,76.0,62.00000762939453,56.375003814697266,2170.41796875,1773.9815673828125,51.764705657958984,43,51,56,1016,1079,1242
1787462309,1591.9,71.0,97.0,433.16,2790.0,76.0,61.87500762939453,57.375003814697266,2156.549560546875,1769.33154296875,51.764705657958984,43,51,56,1025,1077,1237
1787462310,1593.4,71.0,94.0,432.44,2790.0,76.0,62.25000762939453,59.625003814697266,2163.46142578125,1781.002685546875,51.764705657958984,43,51,56,1025,1073,1242
1787462312,1594.9,71.0,96.0,434.77,2790.0,76.0,62.25000762939453,59.125003814697266,2160.0,1802.4031982421875,51.764705657958984,43,51,56,1025,1077,1244
1787462313,1596.4,71.0,98.0,430.85,2790.0,76.0,64.25000762939453,61.625003814697266,2170.41796875,1773.9815673828125,51.764705657958984,43,51,56,1022,1077,1237
1787462315,1597.9,71.0,97.0,434.59,2790.0,76.0,63.75000762939453,61.625003814697266,2170.41796875,1802.4031982421875,51.764705657958984,43,51,56,1027,1075,1244
1787462316,1599.4,71.0,94.0,431.47,2797.0,74.0,63.25000762939453,58.875003814697266,2163.46142578125,1776.3157958984375,51.764705657958984,43,51,56,1023,1077,1237
1787462318,1600.9,71.0,95.0,434.45,2790.0,76.0,62.50000762939453,57.750003814697266,2153.110107421875,1755.526611328125,51.764705657958984,43,51,56,1018,1075,1244
1787462319,1602.4,71.0,97.0,435.07,2790.0,76.0,62.37500762939453,63.625003814697266,2166.93408203125,1776.3157958984375,51.764705657958984,43,51,56,1025,1071,1239
1787462321,1603.9,71.0,96.0,432.98,2790.0,74.0,62.12500762939453,59.250003814697266,2170.41796875,1802.4031982421875,51.764705657958984,43,51,56,1022,1075,1242
1787462322,1605.4,71.0,94.0,432.72,2790.0,76.0,62.12500762939453,59.125003814697266,2163.46142578125,1800.0,51.764705657958984,43,51,56,1022,1077,1239
1787462324,1606.9,71.0,94.0,431.65,2790.0,76.0,62.12500762939453,59.125003814697266,2163.46142578125,1800.0,51.764705657958984,43,51,56,1022,1077,1244
1787462325,1608.4,71.0,94.0,432.51,2797.0,76.0,62.12500762939453,59.250003814697266,2160.0,1760.104248046875,51.764705657958984,43,51,56,1027,1077,1242
1787462327,1609.9,71.0,97.0,432.8,2790.0,76.0,62.12500762939453,59.250003814697266,2160.0,1760.104248046875,51.764705657958984,43,51,56,1020,1075,1239
1787462328,1611.4,71.0,97.0,433.21,2797.0,76.0,62.00000762939453,58.250003814697266,2160.0,1776.3157958984375,51.764705657958984,43,51,56,1023,1077,1244
1787462330,1612.9,71.0,98.0,433.91,2790.0,76.0,62.00000762939453,58.250003814697266,2160.0,1776.3157958984375,51.764705657958984,43,51,56,1023,1077,1239
1787462331,1614.4,71.0,93.0,431.82,2797.0,76.0,64.00000762939453,66.0,2163.46142578125,1802.4031982421875,51.764705657958984,43,51,56,1022,1079,1247
1787462333,1615.9,71.0,94.0,432.08,2790.0,76.0,65.12500762939453,62.750003814697266,2163.46142578125,1802.4031982421875,51.764705657958984,43,51,56,1022,1073,1237
1787462334,1617.4,71.0,93.0,431.56,2790.0,76.0,64.25000762939453,62.250003814697266,2153.110107421875,1776.3157958984375,51.764705657958984,43,51,56,1027,1071,1242
1787462336,1618.9,71.0,96.0,431.68,2790.0,76.0,63.62500762939453,61.750003814697266,2160.0,1778.6561279296875,51.764705657958984,43,51,56,1018,1077,1239
1787462337,1620.4,71.0,94.0,432.36,2790.0,76.0,63.00000762939453,58.125003814697266,2166.93408203125,1755.526611328125,51.764705657958984,43,51,56,1020,1077,1242
1787462339,1621.9,71.0,96.0,432.79,2790.0,76.0,62.75000762939453,56.750003814697266,2166.93408203125,1778.6561279296875,51.764705657958984,43,51,56,1020,1079,1237
1787462340,1623.4,71.0,95.0,432.53,2790.0,76.0,62.50000762939453,59.250003814697266,2170.41796875,1797.6031494140625,51.764705657958984,43,51,56,1020,1073,1242
1787462342,1624.9,71.0,96.0,433.64,2790.0,76.0,62.50000762939453,60.625003814697266,2166.93408203125,1781.002685546875,51.764705657958984,43,51,56,1023,1075,1244
1787462343,1626.4,71.0,95.0,433.69,2790.0,76.0,62.25000762939453,60.500003814697266,2156.549560546875,1762.402099609375,51.764705657958984,43,51,56,1023,1075,1239
1787462345,1627.9,71.0,96.0,433.28,2790.0,76.0,62.50000762939453,61.375003814697266,2163.46142578125,1764.7059326171875,51.764705657958984,43,51,56,1027,1071,1239
1787462346,1629.4,71.0,96.0,434.51,2797.0,76.0,62.50000762939453,58.625003814697266,2166.93408203125,1776.3157958984375,51.764705657958984,43,51,56,1018,1071,1232
1787462348,1630.9,71.0,94.0,434.14,2790.0,76.0,62.37500762939453,64.125,2160.0,1783.3553466796875,51.764705657958984,43,51,56,1023,1079,1239
1787462349,1632.4,71.0,94.0,432.17,2797.0,76.0,62.12500762939453,60.875003814697266,2166.93408203125,1800.0,51.764705657958984,43,51,56,1027,1077,1237
1787462351,1633.9,71.0,94.0,431.74,2797.0,76.0,62.25000762939453,58.875003814697266,2163.46142578125,1792.8287353515625,51.764705657958984,43,51,56,1023,1065,1239
1787462352,1635.4,71.0,95.0,434.36,2790.0,74.0,62.37500762939453,69.125,2163.46142578125,1778.6561279296875,51.764705657958984,43,51,56,1022,1071,1237
1787462354,1636.9,71.0,97.0,433.06,2797.0,76.0,62.62500762939453,61.375003814697266,2163.46142578125,1757.8125,51.764705657958984,43,51,56,1025,1073,1247
1787462355,1638.4,71.0,96.0,433.32,2790.0,76.0,62.37500762939453,60.000003814697266,2173.9130859375,1757.8125,51.764705657958984,43,51,56,1025,1071,1239
1787462357,1639.9,71.0,94.0,433.16,2797.0,76.0,62.37500762939453,57.375003814697266,2163.46142578125,1757.8125,51.764705657958984,43,51,56,1030,1079,1239
1787462358,1641.4,71.0,97.0,431.87,2797.0,76.0,63.50000762939453,63.625003814697266,2160.0,1755.526611328125,51.764705657958984,43,51,56,1027,1073,1247
1787462360,1642.9,71.0,96.0,433.23,2790.0,76.0,63.25000762939453,58.250003814697266,2163.46142578125,1778.6561279296875,51.764705657958984,43,51,56,1027,1071,1237
1787462361,1644.4,71.0,95.0,433.92,2790.0,76.0,62.87500762939453,67.75,2166.93408203125,1773.9815673828125,51.764705657958984,43,51,56,1027,1073,1242
1787462363,1645.9,71.0,95.0,433.45,2797.0,76.0,62.37500762939453,57.375003814697266,2160.0,1783.3553466796875,51.764705657958984,43,51,56,1022,1071,1239
1787462364,1647.4,71.0,94.0,430.55,2790.0,76.0,64.50000762939453,61.625003814697266,2170.41796875,1800.0,51.764705657958984,43,51,56,1023,1071,1247
1787462366,1648.9,71.0,94.0,431.58,2797.0,76.0,64.25000762939453,58.125003814697266,2160.0,1781.002685546875,51.764705657958984,43,51,56,1027,1075,1237
1787462367,1650.4,71.0,94.0,432.04,2790.0,76.0,63.62500762939453,56.875003814697266,2156.549560546875,1760.104248046875,51.764705657958984,43,51,56,1023,1069,1244
1787462369,1651.9,71.0,97.0,432.12,2790.0,76.0,63.12500762939453,57.750003814697266,2160.0,1750.9727783203125,51.764705657958984,43,51,56,1029,1071,1237
1787462370,1653.4,71.0,98.0,432.3,2790.0,74.0,62.87500762939453,60.750003814697266,2163.46142578125,1773.9815673828125,51.764705657958984,43,51,56,1020,1069,1244
1787462372,1654.9,71.0,95.0,434.1,2790.0,76.0,62.50000762939453,59.500003814697266,2156.549560546875,1802.4031982421875,51.764705657958984,43,51,56,1025,1073,1237
1787462373,1656.4,71.0,94.0,434.33,2790.0,76.0,62.12500762939453,61.375003814697266,2156.549560546875,1778.6561279296875,51.764705657958984,43,51,56,1025,1075,1247
1787462375,1657.9,71.0,95.0,430.55,2790.0,74.0,64.50000762939453,62.625003814697266,2163.46142578125,1781.002685546875,51.764705657958984,43,51,56,1022,1071,1239
1787462376,1659.4,71.0,95.0,431.04,2790.0,76.0,64.25000762939453,63.500003814697266,2170.41796875,1757.8125,51.764705657958984,43,51,56,1027,1077,1239
1787462378,1660.9,70.0,93.0,430.28,2790.0,74.0,64.37500762939453,60.875003814697266,2163.46142578125,1764.7059326171875,51.764705657958984,43,51,56,1027,1073,1244
1787462379,1662.4,71.0,95.0,432.15,2790.0,74.0,64.37500762939453,60.875003814697266,2163.46142578125,1764.7059326171875,51.764705657958984,43,51,56,1025,1071,1239
1787462381,1663.9,71.0,95.0,433.35,2790.0,76.0,63.25000762939453,59.125003814697266,2160.0,1804.8128662109375,51.764705657958984,43,51,56,1023,1063,1244
1787462382,1665.4,71.0,98.0,434.58,2790.0,76.0,63.25000762939453,59.125003814697266,2160.0,1804.8128662109375,51.764705657958984,43,51,56,1018,1075,1242
1787462384,1666.9,71.0,94.0,432.84,2790.0,76.0,63.25000762939453,59.625003814697266,2163.46142578125,1755.526611328125,51.764705657958984,43,51,56,1025,1071,1244
1787462385,1668.4,71.0,95.0,434.52,2790.0,76.0,63.25000762939453,59.625003814697266,2163.46142578125,1755.526611328125,51.764705657958984,43,51,56,1023,1073,1239
1787462387,1669.9,71.0,95.0,433.13,2790.0,74.0,62.75000762939453,58.125003814697266,2166.93408203125,1753.2467041015625,51.764705657958984,43,51,56,1023,1075,1242
1787462388,1671.4,71.0,95.0,430.45,2797.0,74.0,62.75000762939453,58.125003814697266,2166.93408203125,1753.2467041015625,51.764705657958984,43,51,56,1020,1077,1237
1787462390,1672.9,71.0,96.0,431.43,2790.0,74.0,63.75000762939453,58.625003814697266,2166.93408203125,1776.3157958984375,51.764705657958984,43,51,56,1027,1067,1242
1787462391,1674.4,71.0,95.0,431.47,2797.0,76.0,63.25000762939453,60.125003814697266,2166.93408203125,1781.002685546875,51.764705657958984,43,51,56,1029,1073,1237
1787462393,1675.9,71.0,94.0,430.88,2797.0,76.0,63.50000762939453,60.875003814697266,2163.46142578125,1781.002685546875,51.764705657958984,43,51,56,1022,1075,1244
1787462394,1677.4,71.0,97.0,432.36,2790.0,76.0,63.12500762939453,65.5,2160.0,1773.9815673828125,51.764705657958984,43,51,56,1023,1077,1237
1787462396,1678.9,71.0,96.0,431.7,2790.0,76.0,63.25000762939453,60.875003814697266,2166.93408203125,1781.002685546875,51.764705657958984,43,51,56,1025,1071,1237
1787462397,1680.4,71.0,96.0,432.9,2790.0,76.0,62.87500762939453,60.000003814697266,2163.46142578125,1781.002685546875,51.764705657958984,43,51,56,1023,1073,1242
1787462399,1681.9,70.0,95.0,433.23,2790.0,74.0,62.75000762939453,62.250003814697266,2153.110107421875,1800.0,51.764705657958984,43,51,56,1023,1071,1237
1787462400,1683.4,71.0,96.0,432.53,2790.0,76.0,62.75000762939453,61.625003814697266,2163.46142578125,1764.7059326171875,51.764705657958984,43,51,56,1025,1069,1242
1787462402,1684.9,71.0,95.0,432.39,2790.0,76.0,62.87500762939453,57.250003814697266,2160.0,1760.104248046875,51.764705657958984,43,51,56,1022,1069,1239
1787462403,1686.4,71.0,97.0,432.75,2790.0,74.0,62.62500762939453,59.125003814697266,2160.0,1755.526611328125,51.764705657958984,43,51,56,1020,1075,1244
1787462405,1687.9,71.0,95.0,432.42,2790.0,76.0,62.50000762939453,57.250003814697266,2166.93408203125,1778.6561279296875,51.764705657958984,43,51,56,1022,1075,1239
1787462406,1689.4,71.0,95.0,432.1,2790.0,76.0,62.50000762939453,60.000003814697266,2166.93408203125,1797.6031494140625,51.764705657958984,43,51,56,1023,1077,1242
1787462408,1690.9,71.0,95.0,431.66,2790.0,74.0,62.37500762939453,62.250003814697266,2166.93408203125,1778.6561279296875,51.764705657958984,43,51,56,1022,1077,1239
1787462409,1692.4,71.0,96.0,432.95,2790.0,76.0,62.37500762939453,56.375003814697266,2163.46142578125,1788.0794677734375,51.764705657958984,43,51,56,1022,1073,1242
1787462411,1693.9,71.0,97.0,433.62,2790.0,76.0,62.12500762939453,59.250003814697266,2153.110107421875,1778.6561279296875,51.764705657958984,43,51,56,1029,1071,1239
1787462412,1695.4,71.0,95.0,431.88,2790.0,76.0,62.25000762939453,60.500003814697266,2156.549560546875,1764.7059326171875,51.764705657958984,43,51,56,1023,1081,1237
1787462414,1696.9,71.0,94.0,432.9,2790.0,76.0,62.62500762939453,58.625003814697266,2163.46142578125,1762.402099609375,51.764705657958984,43,51,56,1022,1071,1244
1787462415,1698.4,70.0,93.0,429.13,2797.0,76.0,62.62500762939453,60.500003814697266,2163.46142578125,1757.8125,51.764705657958984,43,51,56,1025,1075,1237
1787462417,1699.9,71.0,95.0,431.02,2797.0,74.0,64.00000762939453,61.125003814697266,2160.0,1760.104248046875,51.764705657958984,43,51,56,1018,1077,1244
1787462418,1701.4,71.0,93.0,431.95,2797.0,76.0,63.50000762939453,58.125003814697266,2166.93408203125,1776.3157958984375,51.764705657958984,43,51,56,1022,1073,1237
1787462420,1702.9,71.0,95.0,429.53,2797.0,76.0,63.12500762939453,61.625003814697266,2153.110107421875,1781.002685546875,51.764705657958984,43,51,56,1023,1073,1244
1787462421,1704.4,71.0,95.0,430.81,2790.0,76.0,64.12500762939453,59.625003814697266,2160.0,1781.002685546875,51.764705657958984,43,51,56,1025,1069,1239
1787462423,1705.9,71.0,96.0,431.09,2790.0,76.0,63.25000762939453,61.375003814697266,2170.41796875,1795.2127685546875,51.764705657958984,43,51,56,1025,1075,1242
1787462424,1707.4,70.0,95.0,377.75,2797.0,74.0,64.37500762939453,61.875003814697266,2166.93408203125,1781.002685546875,51.764705657958984,43,51,56,1023,1071,1237
1787462426,1708.9,71.0,94.0,409.3,2797.0,74.0,65.62500762939453,65.5,2166.93408203125,1757.8125,51.764705657958984,43,51,56,1025,1071,1242
1787462427,1710.4,71.0,97.0,411.24,2805.0,74.0,66.12500762939453,63.625003814697266,2160.0,1778.6561279296875,51.764705657958984,43,51,56,1025,1071,1237
1787462429,1711.9,70.0,92.0,405.28,2797.0,74.0,66.25000762939453,65.0,2163.46142578125,1797.6031494140625,51.764705657958984,43,51,56,1023,1071,1237
1787462430,1713.4,71.0,97.0,413.13,2797.0,74.0,66.37500762939453,65.5,2156.549560546875,1790.450927734375,51.764705657958984,43,51,56,1027,1075,1242
1787462432,1714.9,71.0,98.0,434.43,2790.0,74.0,65.87500762939453,60.000003814697266,2170.41796875,1773.9815673828125,51.764705657958984,43,51,56,1020,1075,1239
1787462433,1716.4,71.0,93.0,455.76,2782.0,74.0,64.87500762939453,60.750003814697266,2163.46142578125,1760.104248046875,51.764705657958984,43,51,56,1030,1075,1247
1787462435,1717.9,72.0,95.0,466.54,2782.0,74.0,64.87500762939453,60.750003814697266,2163.46142578125,1760.104248046875,51.764705657958984,43,51,56,1025,1077,1242
1787462436,1719.4,71.0,96.0,460.66,2790.0,76.0,63.75000762939453,59.250003814697266,2170.41796875,1757.8125,51.764705657958984,43,51,56,1027,1075,1247
1787462438,1720.9,72.0,95.0,453.42,2790.0,76.0,63.75000762939453,59.250003814697266,2170.41796875,1757.8125,51.764705657958984,43,51,56,1018,1071,1237
1787462439,1722.4,72.0,95.0,459.74,2790.0,76.0,63.12500762939453,60.500003814697266,2163.46142578125,1797.6031494140625,51.764705657958984,43,51,56,1023,1073,1247
1787462441,1723.9,72.0,97.0,458.82,2790.0,76.0,63.12500762939453,60.500003814697266,2163.46142578125,1797.6031494140625,51.764705657958984,43,51,56,1027,1077,1242
1787462443,1725.4,71.0,97.0,452.3,2797.0,76.0,64.50000762939453,65.375,2156.549560546875,1757.8125,51.764705657958984,43,51,56,1016,1071,1244
1787462444,1726.9,71.0,92.0,438.45,2797.0,76.0,64.50000762939453,65.375,2156.549560546875,1757.8125,51.764705657958984,43,51,56,1025,1073,1239
1787462446,1728.4,71.0,93.0,456.48,2790.0,74.0,64.62500762939453,65.0,2166.93408203125,1773.9815673828125,51.764705657958984,43,51,56,1022,1073,1250
1787462447,1729.9,72.0,91.0,457.8,2775.0,76.0,64.37500762939453,61.375003814697266,2160.0,1800.0,51.764705657958984,43,51,56,1023,1073,1244
1787462449,1731.4,72.0,94.0,468.11,2775.0,76.0,63.87500762939453,56.875003814697266,2160.0,1781.002685546875,51.764705657958984,43,51,56,1018,1071,1250
1787462450,1732.9,72.0,93.0,470.52,2782.0,76.0,63.37500762939453,58.875003814697266,2163.46142578125,1797.6031494140625,51.764705657958984,43,51,56,1020,1075,1239
1787462452,1734.4,72.0,98.0,457.51,2790.0,76.0,63.12500762939453,59.125003814697266,2166.93408203125,1778.6561279296875,51.764705657958984,43,51,56,1027,1079,1244
1787462453,1735.9,72.0,95.0,457.78,2782.0,76.0,63.75000762939453,61.375003814697266,2166.93408203125,1748.7047119140625,51.764705657958984,43,51,56,1027,1075,1244
1787462455,1737.4,72.0,96.0,461.96,2790.0,76.0,63.37500762939453,61.875003814697266,2160.0,1776.3157958984375,51.764705657958984,43,51,56,1025,1075,1247
1787462456,1738.9,71.0,94.0,444.59,2790.0,76.0,63.75000762939453,61.500003814697266,2160.0,1778.6561279296875,51.764705657958984,43,51,56,1025,1079,1242
1787462458,1740.4,71.0,93.0,448.8,2790.0,76.0,64.75000762939453,61.875003814697266,2166.93408203125,1800.0,51.764705657958984,43,51,56,1030,1075,1247
1787462459,1741.9,72.0,95.0,463.17,2782.0,76.0,64.37500762939453,61.375003814697266,2163.46142578125,1778.6561279296875,51.764705657958984,43,51,56,1025,1073,1242
1787462461,1743.4,72.0,95.0,473.69,2775.0,76.0,64.00000762939453,59.500003814697266,2166.93408203125,1753.2467041015625,51.764705657958984,43,51,56,1022,1077,1247
1787462462,1744.9,72.0,95.0,470.63,2775.0,76.0,63.75000762939453,60.875003814697266,2160.0,1757.8125,51.764705657958984,43,51,56,1025,1069,1242
1787462463,1746.4,72.0,95.0,463.24,2782.0,76.0,63.12500762939453,62.000003814697266,2160.0,1802.4031982421875,51.764705657958984,43,51,56,1020,1075,1247
1787462465,1747.9,72.0,96.0,466.95,2775.0,76.0,63.25000762939453,64.375,2160.0,1800.0,51.764705657958984,43,51,56,1022,1075,1242
1787462466,1749.4,72.0,97.0,469.38,2782.0,76.0,63.12500762939453,58.125003814697266,2166.93408203125,1778.6561279296875,51.764705657958984,43,51,56,1023,1075,1247
1787462468,1750.9,72.0,94.0,464.86,2782.0,76.0,63.00000762939453,59.625003814697266,2163.46142578125,1795.2127685546875,51.764705657958984,43,51,56,1027,1073,1242
1787462469,1752.4,72.0,94.0,464.35,2775.0,76.0,62.87500762939453,59.125003814697266,2156.549560546875,1783.3553466796875,51.764705657958984,43,51,56,1023,1073,1242
1787462471,1753.9,72.0,96.0,470.07,2775.0,76.0,62.62500762939453,63.625003814697266,2160.0,1804.8128662109375,51.764705657958984,43,51,56,1023,1075,1242
1787462473,1755.4,72.0,95.0,465.52,2782.0,76.0,62.87500762939453,61.875003814697266,2166.93408203125,1773.9815673828125,51.764705657958984,43,51,56,1022,1075,1247
1787462474,1756.9,72.0,92.0,449.2,2790.0,76.0,63.25000762939453,60.500003814697266,2160.0,1753.2467041015625,51.764705657958984,43,51,56,1022,1073,1242
1787462476,1758.4,72.0,94.0,455.01,2782.0,76.0,63.87500762939453,61.250003814697266,2163.46142578125,1781.002685546875,51.764705657958984,43,51,56,1027,1073,1244
1787462477,1759.9,72.0,93.0,464.88,2775.0,76.0,63.62500762939453,60.500003814697266,2166.93408203125,1778.6561279296875,51.764705657958984,43,51,56,1029,1075,1242
1787462479,1761.4,73.0,96.0,456.18,2782.0,76.0,63.87500762939453,64.5,2166.93408203125,1762.402099609375,51.764705657958984,43,51,56,1027,1073,1247
1787462480,1762.9,73.0,98.0,457.2,2782.0,76.0,64.62500762939453,63.000003814697266,2163.46142578125,1753.2467041015625,51.764705657958984,43,51,56,1029,1075,1244
1787462482,1764.4,72.0,94.0,470.1,2782.0,76.0,64.00000762939453,60.000003814697266,2160.0,1753.2467041015625,51.764705657958984,43,51,56,1025,1071,1250
1787462483,1765.9,72.0,94.0,461.67,2775.0,76.0,64.00000762939453,65.0,2163.46142578125,1785.7142333984375,51.764705657958984,43,51,56,1023,1073,1242
1787462485,1767.4,72.0,94.0,446.97,2790.0,76.0,65.87500762939453,64.375,2166.93408203125,1778.6561279296875,51.764705657958984,43,51,56,1029,1069,1244
1787462486,1768.9,72.0,96.0,451.27,2775.0,76.0,67.37500762939453,61.875003814697266,2166.93408203125,1797.6031494140625,51.764705657958984,43,51,56,1027,1081,1242
1787462488,1770.4,72.0,96.0,456.4,2782.0,76.0,66.00000762939453,61.875003814697266,2163.46142578125,1778.6561279296875,51.764705657958984,43,51,56,1018,1077,1244
1787462489,1771.9,72.0,95.0,462.98,2775.0,76.0,65.12500762939453,60.000003814697266,2160.0,1776.3157958984375,51.764705657958984,43,51,56,1025,1077,1242
1787462491,1773.4,73.0,97.0,462.21,2775.0,76.0,65.12500762939453,60.000003814697266,2160.0,1776.3157958984375,51.764705657958984,43,51,56,1029,1077,1242
1787462492,1774.9,73.0,95.0,460.17,2782.0,76.0,64.50000762939453,59.875003814697266,2160.0,1800.0,51.764705657958984,43,51,56,1022,1077,1239
1787462494,1776.4,72.0,95.0,458.7,2782.0,76.0,64.50000762939453,59.875003814697266,2160.0,1800.0,51.764705657958984,43,51,56,1016,1073,1250
1787462495,1777.9,72.0,92.0,461.97,2790.0,76.0,67.87500762939453,65.5,2160.0,1778.6561279296875,51.764705657958984,43,51,56,1027,1077,1242
1787462497,1779.4,72.0,95.0,456.45,2775.0,76.0,67.87500762939453,65.5,2160.0,1778.6561279296875,51.764705657958984,43,56,61,1022,1132,1301
1787462498,1780.9,72.0,97.0,452.83,2790.0,76.0,68.25000762939453,70.5,2173.9130859375,1851.851806640625,55.686275482177734,43,56,61,1016,1160,1327
1787462500,1782.4,73.0,93.0,463.49,2775.0,76.0,68.25000762939453,70.5,2173.9130859375,1851.851806640625,55.686275482177734,43,56,61,1022,1167,1330
1787462501,1783.9,72.0,95.0,461.73,2782.0,76.0,67.12500762939453,58.875003814697266,2166.93408203125,1875.0,55.686275482177734,43,56,61,1025,1162,1333
1787462503,1785.4,72.0,95.0,453.94,2782.0,76.0,66.00000762939453,61.750003814697266,2166.93408203125,1877.6077880859375,55.686275482177734,43,56,61,1020,1162,1327
1787462504,1786.9,72.0,95.0,462.01,2782.0,76.0,65.12500762939453,60.500003814697266,2156.549560546875,1888.1119384765625,55.686275482177734,43,56,61,1020,1171,1333
1787462506,1788.4,72.0,96.0,476.0,2775.0,76.0,64.62500762939453,62.250003814697266,2163.46142578125,1859.504150390625,55.686275482177734,43,56,61,1025,1169,1327
1787462507,1789.9,73.0,96.0,474.05,2775.0,76.0,63.75000762939453,60.125003814697266,2163.46142578125,1882.84521484375,55.686275482177734,43,56,61,1027,1171,1336
1787462509,1791.4,73.0,94.0,466.14,2782.0,76.0,63.37500762939453,60.500003814697266,2156.549560546875,1877.6077880859375,55.686275482177734,43,56,61,1025,1169,1327
1787462510,1792.9,72.0,95.0,466.23,2775.0,76.0,63.12500762939453,59.500003814697266,2166.93408203125,1904.0902099609375,55.686275482177734,43,56,61,1029,1167,1333
1787462512,1794.4,73.0,94.0,459.82,2782.0,76.0,63.12500762939453,59.125003814697266,2170.41796875,1888.1119384765625,55.686275482177734,43,56,61,1015,1165,1336
1787462513,1795.9,72.0,96.0,451.55,2782.0,76.0,63.00000762939453,64.5,2156.549560546875,1877.6077880859375,55.686275482177734,43,56,61,1032,1171,1327
1787462515,1797.4,72.0,94.0,442.85,2782.0,76.0,63.25000762939453,60.875003814697266,2166.93408203125,1885.474853515625,55.686275482177734,43,56,61,1027,1169,1333
1787462516,1798.9,72.0,96.0,425.01,2782.0,76.0,64.75000762939453,63.250003814697266,2153.110107421875,1885.474853515625,55.686275482177734,43,56,61,1020,1174,1324
1787462518,1800.4,71.0,93.0,424.98,2797.0,76.0,65.00000762939453,62.750003814697266,2160.0,1885.474853515625,55.686275482177734,43,56,61,1023,1171,1330
1787462519,1801.9,72.0,97.0,428.44,2797.0,76.0,65.12500762939453,61.875003814697266,2170.41796875,1882.84521484375,55.686275482177734,43,56,61,1025,1167,1327
1787462521,1803.4,72.0,93.0,442.57,2797.0,76.0,65.25000762939453,60.000003814697266,2170.41796875,1888.1119384765625,55.686275482177734,43,56,61,1022,1169,1330
1787462522,1804.9,72.0,93.0,450.99,2782.0,76.0,65.12500762939453,62.250003814697266,2156.549560546875,1880.222900390625,55.686275482177734,43,56,61,1023,1169,1327
1787462524,1806.4,72.0,96.0,451.68,2790.0,76.0,65.12500762939453,60.875003814697266,2166.93408203125,1882.84521484375,55.686275482177734,43,56,61,1027,1174,1330
1787462525,1807.9,72.0,96.0,445.66,2790.0,76.0,64.75000762939453,59.625003814697266,2170.41796875,1856.9464111328125,55.686275482177734,43,56,61,1025,1167,1339
1787462527,1809.4,72.0,86.0,434.35,2797.0,76.0,64.75000762939453,63.250003814697266,2156.549560546875,1862.0689697265625,55.686275482177734,43,56,61,1027,1167,1333
1787462528,1810.9,71.0,95.0,425.41,2805.0,76.0,66.00000762939453,66.0,2160.0,1862.0689697265625,55.686275482177734,43,56,61,1023,1169,1330
1787462530,1812.4,71.0,90.0,411.66,2805.0,76.0,66.37500762939453,66.0,2170.41796875,1885.474853515625,55.686275482177734,43,56,61,1025,1171,1324
1787462531,1813.9,71.0,96.0,418.48,2797.0,76.0,68.37500762939453,66.375,2160.0,1882.84521484375,55.686275482177734,43,56,61,1029,1169,1330
1787462533,1815.4,71.0,90.0,429.04,2797.0,76.0,67.87500762939453,66.75,2170.41796875,1882.84521484375,55.686275482177734,43,56,61,1030,1169,1333
1787462534,1816.9,71.0,93.0,416.48,2797.0,76.0,68.25000762939453,68.125,2163.46142578125,1904.0902099609375,55.686275482177734,43,56,61,1018,1165,1330
1787462536,1818.4,72.0,97.0,434.01,2797.0,76.0,68.37500762939453,65.5,2160.0,1909.4766845703125,55.686275482177734,43,56,61,1025,1174,1333
1787462537,1819.9,71.0,90.0,428.87,2805.0,76.0,68.50000762939453,64.125,2166.93408203125,1906.7796630859375,55.686275482177734,43,56,61,1020,1167,1324
1787462539,1821.4,71.0,94.0,435.74,2797.0,76.0,69.00000762939453,66.0,2156.549560546875,1859.504150390625,55.686275482177734,43,56,61,1025,1165,1327
1787462540,1822.9,72.0,93.0,439.39,2797.0,76.0,69.12500762939453,64.125,2160.0,1856.9464111328125,55.686275482177734,43,56,61,1027,1165,1324
1787462542,1824.4,71.0,93.0,439.83,2797.0,76.0,68.50000762939453,66.0,2160.0,1864.640869140625,55.686275482177734,43,56,61,1025,1171,1333
1787462543,1825.9,71.0,92.0,442.16,2797.0,76.0,70.75000762939453,69.625,2160.0,1885.474853515625,55.686275482177734,43,56,61,1027,1169,1327
1787462545,1827.4,72.0,94.0,437.17,2797.0,76.0,70.12500762939453,66.0,2166.93408203125,1936.872314453125,60.0,43,56,61,1023,1167,1330
1787462546,1829.1,71.0,96.0,435.2,2797.0,76.0,70.12500762939453,66.0,2166.93408203125,1936.872314453125,60.0,43,56,61,1036,1178,1324
1787462548,1830.6,72.0,94.0,449.12,2790.0,76.0,69.25000762939453,66.375,2160.0,1967.9300537109375,60.0,43,56,61,1022,1167,1330
1787462549,1832.1,72.0,94.0,450.76,2775.0,76.0,68.87500762939453,65.5,2163.46142578125,1988.218017578125,60.0,43,56,61,1020,1171,1324
1787462551,1833.6,71.0,92.0,445.12,2797.0,76.0,68.75000762939453,63.625003814697266,2163.46142578125,2011.9224853515625,60.0,43,56,61,1022,1162,1330
1787462552,1835.1,72.0,97.0,444.32,2782.0,76.0,68.87500762939453,64.625,2160.0,1988.218017578125,60.0,43,56,61,1022,1162,1324
1787462554,1836.6,71.0,93.0,445.72,2790.0,76.0,69.62500762939453,69.125,2153.110107421875,1959.3614501953125,60.0,43,56,61,1027,1160,1330
1787462555,1838.1,71.0,89.0,447.23,2782.0,76.0,69.62500762939453,69.125,2153.110107421875,1959.3614501953125,60.0,43,56,61,1027,1167,1321
1787462557,1839.6,72.0,96.0,447.28,2797.0,76.0,69.00000762939453,67.25,2153.110107421875,1991.150390625,60.0,43,56,61,1022,1171,1330
1787462558,1841.1,72.0,94.0,443.98,2782.0,76.0,69.00000762939453,67.25,2153.110107421875,1991.150390625,60.0,43,56,61,1025,1171,1321
1787462560,1842.6,72.0,93.0,450.31,2790.0,76.0,69.00000762939453,69.125,2173.9130859375,2014.9254150390625,60.0,43,56,61,1020,1174,1330
1787462561,1844.1,71.0,95.0,444.75,2790.0,76.0,69.00000762939453,69.125,2173.9130859375,2014.9254150390625,60.0,43,56,61,1027,1160,1321
1787462563,1845.6,71.0,93.0,436.82,2797.0,76.0,69.25000762939453,66.0,2163.46142578125,2011.9224853515625,60.0,43,56,61,1029,1171,1330
1787462565,1847.4,71.0,96.0,396.5,2790.0,76.0,69.25000762939453,66.0,2163.46142578125,2011.9224853515625,60.0,43,56,61,1022,1171,1324
1787462566,1848.9,72.0,97.0,453.91,2782.0,76.0,70.75000762939453,71.0,2170.41796875,1994.091552734375,60.0,43,56,61,1025,1165,1333
1787462568,1850.9,63.0,8.0,170.51,2872.0,72.0,69.50000762939453,57.750003814697266,2156.549560546875,1994.091552734375,60.0,43,56,61,1030,1169,1336
1787462570,1852.6,60.0,5.0,82.99,1485.0,72.0,67.75000762939453,60.625003814697266,2163.46142578125,1985.2940673828125,60.0,43,56,61,1027,1167,1318
1787462571,1854.1,60.0,3.0,92.95,2535.0,72.0,70.87500762939453,61.125003814697266,2170.41796875,2014.9254150390625,60.0,43,56,61,1025,1169,1324
1787462573,1855.9,59.0,5.0,79.07,1305.0,70.0,70.00000762939453,73.25,2160.0,2017.937255859375,60.0,43,56,61,1025,1169,1327
1787462575,1857.4,58.0,6.0,62.46,967.0,70.0,77.12500762939453,60.875003814697266,2163.46142578125,1970.802978515625,60.0,43,56,61,1029,1171,1318
1787462576,1858.9,57.0,4.0,57.73,847.0,70.0,75.12500762939453,52.750003814697266,2166.93408203125,2008.9285888671875,65.88235473632812,43,56,61,1027,1167,1312
1787462578,1860.4,57.0,5.0,60.38,1027.0,70.0,70.50000762939453,59.125003814697266,2156.549560546875,2129.337646484375,65.88235473632812,43,56,61,1025,1167,1310
1787462579,1861.9,56.0,3.0,57.69,930.0,68.0,70.12500762939453,69.25,2160.0,2099.533447265625,65.88235473632812,43,56,61,1030,1167,1312
1787462581,1863.4,56.0,6.0,57.83,862.0,68.0,72.25000762939453,73.0,2160.0,2149.681640625,65.88235473632812,43,56,61,1023,1162,1315
1787462582,1864.9,56.0,4.0,57.93,870.0,68.0,81.625,93.25000762939453,2170.41796875,2160.0,65.88235473632812,43,56,61,1025,1160,1310
1787462584,1866.4,55.0,4.0,55.62,675.0,68.0,81.625,93.25000762939453,2170.41796875,2160.0,65.88235473632812,43,56,61,1027,1174,1315
1787462585,1867.9,55.0,4.0,56.23,712.0,68.0,82.5,88.50000762939453,2166.93408203125,2166.93408203125,65.88235473632812,43,56,61,1027,1167,1310
1787462587,1869.4,55.0,4.0,55.13,757.0,68.0,92.25,92.75000762939453,2163.46142578125,2191.558349609375,69.80392456054688,43,56,61,1020,1169,1307
1787462588,1870.9,54.0,4.0,55.6,727.0,66.0,90.75,79.625,2170.41796875,2195.1220703125,67.8431396484375,43,56,61,1029,1171,1307
1787462590,1872.4,54.0,3.0,57.59,937.0,66.0,89.625,79.125,2170.41796875,2307.6923828125,74.90196228027344,43,56,61,1030,1171,1312
1787462591,1873.9,54.0,5.0,57.46,1012.0,66.0,88.25,79.5,2166.93408203125,2368.421142578125,74.90196228027344,43,56,61,1020,1167,1301
1787462593,1875.4,53.0,5.0,54.22,787.0,66.0,85.125,75.75,2166.93408203125,2556.818115234375,80.0,43,56,61,1020,1174,1307
1787462594,1876.9,53.0,4.0,53.72,705.0,66.0,82.625,71.0,2156.549560546875,2459.016357421875,80.0,43,56,61,1018,1167,1310
1787462596,1878.4,53.0,4.0,54.61,742.0,66.0,77.50000762939453,62.125003814697266,2163.46142578125,2472.527587890625,80.0,43,56,61,1022,1162,1307
1787462597,1879.9,53.0,4.0,54.1,682.0,66.0,73.50000762939453,51.625003814697266,2160.0,2504.63818359375,80.0,43,56,61,1030,1169,1301
1787462599,1881.4,52.0,3.0,53.76,682.0,64.0,69.75000762939453,47.875003814697266,2149.681640625,2472.527587890625,80.0,43,56,61,1030,1169,1301
1787462600,1882.9,52.0,3.0,53.24,630.0,64.0,67.00000762939453,55.625003814697266,2160.0,2500.0,80.0,43,56,61,1022,1167,1304
1787462602,1884.4,52.0,3.0,53.62,660.0,64.0,64.50000762939453,53.875003814697266,2156.549560546875,2495.37890625,80.0,43,56,61,1025,1165,1307
1787462603,1885.9,52.0,4.0,56.16,795.0,64.0,62.87500762939453,55.750003814697266,2156.549560546875,2500.0,80.0,43,56,61,1029,1167,1298
1787462605,1887.4,51.0,6.0,56.31,877.0,64.0,62.00000762939453,48.875003814697266,2163.46142578125,2495.37890625,80.0,43,56,61,1020,1165,1298
1787462606,1888.9,51.0,6.0,55.91,810.0,64.0,61.37500762939453,52.750003814697266,2163.46142578125,2495.37890625,80.0,43,56,61,1025,1171,1301
1787462608,1890.4,51.0,5.0,55.47,795.0,62.0,62.00000762939453,55.000003814697266,2170.41796875,2500.0,80.0,43,56,61,1025,1169,1298
1787462609,1891.9,51.0,3.0,53.51,712.0,62.0,61.00000762939453,53.375003814697266,2163.46142578125,2518.65673828125,80.0,43,56,61,1020,1171,1304
1787462611,1893.4,51.0,4.0,54.51,795.0,62.0,61.00000762939453,53.375003814697266,2163.46142578125,2518.65673828125,80.0,43,56,61,1022,1167,1298
1787462612,1894.9,50.0,5.0,53.63,682.0,62.0,60.25000762939453,54.125003814697266,2163.46142578125,2490.77490234375,80.0,43,56,61,1025,1174,1298
1787462614,1896.4,50.0,4.0,53.1,727.0,62.0,60.25000762939453,54.125003814697266,2163.46142578125,2490.77490234375,80.0,43,56,61,1025,1171,1293
1787462615,1897.9,50.0,3.0,53.76,712.0,62.0,59.25000762939453,50.875003814697266,2160.0,2495.37890625,80.0,43,56,61,1016,1174,1301
1787462617,1899.4,50.0,3.0,53.42,780.0,62.0,59.25000762939453,50.875003814697266,2160.0,2495.37890625,80.0,43,56,61,1025,1167,1298
1787462618,1900.9,50.0,4.0,53.76,660.0,62.0,58.50000762939453,47.000003814697266,2163.46142578125,2477.064208984375,80.0,43,56,61,1027,1165,1301
1787462620,1902.4,50.0,5.0,52.82,667.0,62.0,58.00000762939453,50.750003814697266,2163.46142578125,2450.0908203125,80.0,43,56,61,1022,1169,1295
1787462621,1903.9,49.0,4.0,54.03,735.0,62.0,58.00000762939453,54.375003814697266,2153.110107421875,2468.00732421875,80.0,43,56,61,1020,1160,1293
1787462623,1905.4,49.0,5.0,55.02,765.0,62.0,59.87500762939453,64.625,2160.0,2495.37890625,80.0,43,56,61,1027,1165,1290
1787462624,1906.9,49.0,4.0,56.99,892.0,60.0,63.25000762939453,66.75,2163.46142578125,2500.0,80.0,43,56,61,1025,1167,1295
1787462626,1908.4,49.0,5.0,57.79,1065.0,60.0,64.00000762939453,63.500003814697266,2163.46142578125,2463.503662109375,80.0,43,56,61,1025,1171,1295
